id,FIPS_State,FIPS_County,County,count,key_count,key_pct,total_pct
02000,02,000,NOT_MATCHED,79943,2817,3.52,13.76
02013,02,013,Aleutians East,1286,51,3.97,0.22
02016,02,016,Aleutians West,1847,72,3.90,0.32
02020,02,020,Anchorage,222976,7703,3.45,38.37
02050,02,050,Bethel,9586,281,2.93,1.65
02060,02,060,Bristol Bay,685,18,2.63,0.12
02068,02,068,Denali,1574,66,4.19,0.27
02070,02,070,Dillingham,2730,113,4.14,0.47
02090,02,090,Fairbanks North Star,66795,2742,4.11,11.49
02100,02,100,Haines,1775,75,4.23,0.31
02110,02,110,Juneau,24513,900,3.67,4.22
02122,02,122,Kenai Peninsula,41058,1312,3.20,7.06
02130,02,130,Ketchikan Gateway,10399,370,3.56,1.79
02150,02,150,Kodiak Island,8331,334,4.01,1.43
02164,02,164,Lake and Peninsula,936,27,2.88,0.16
02170,02,170,Matanuska-Susitna,74326,1993,2.68,12.79
02180,02,180,Nome,5420,180,3.32,0.93
02185,02,185,North Slope,3970,159,4.01,0.68
02188,02,188,Northwest Arctic,3968,152,3.83,0.68
02220,02,220,Sitka,6569,221,3.36,1.13
02240,02,240,Southeast Fairbanks,4053,141,3.48,0.70
02261,02,261,Valdez-Cordova,773,31,4.01,0.13
02270,02,270,Wade Hampton,2928,78,2.66,0.50
02280,02,280,Wrangell-Petersburg,1530,38,2.48,0.26
02282,02,282,Yakutat,356,8,2.25,0.06
02290,02,290,Yukon-Koyukuk,2859,117,4.09,0.49
05000,05,000,NOT_MATCHED,259,7,2.70,0.01
05001,05,001,Arkansas,10564,1600,15.15,0.60
05003,05,003,Ashley,10341,304,2.94,0.58
05005,05,005,Baxter,30204,932,3.09,1.70
05007,05,007,Benton,159386,2289,1.44,8.99
05009,05,009,Boone,26476,1380,5.21,1.49
05011,05,011,Bradley,5404,219,4.05,0.30
05013,05,013,Calhoun,2827,367,12.98,0.16
05015,05,015,Carroll,16556,2294,13.86,0.93
05017,05,017,Chicot,6333,176,2.78,0.36
05019,05,019,Clark,11521,410,3.56,0.65
05021,05,021,Clay,6771,536,7.92,0.38
05023,05,023,Cleburne,17783,425,2.39,1.00
05025,05,025,Cleveland,4420,153,3.46,0.25
05027,05,027,Columbia,12492,1383,11.07,0.70
05029,05,029,Conway,9901,140,1.41,0.56
05031,05,031,Craighead,55255,877,1.59,3.12
05033,05,033,Crawford,34044,2136,6.27,1.92
05035,05,035,Crittenden,32797,768,2.34,1.85
05037,05,037,Cross,11365,935,8.23,0.64
05039,05,039,Dallas,4478,627,14.00,0.25
05041,05,041,Desha,7522,144,1.91,0.42
05043,05,043,Drew,11355,977,8.60,0.64
05045,05,045,Faulkner,72780,1158,1.59,4.10
05047,05,047,Franklin,12688,308,2.43,0.72
05049,05,049,Fulton,6041,402,6.65,0.34
05051,05,051,Garland,57601,4946,8.59,3.25
05053,05,053,Grant,10391,1181,11.37,0.59
05055,05,055,Greene,22377,616,2.75,1.26
05057,05,057,Hempstead,7078,138,1.95,0.40
05059,05,059,Hot Spring,18119,1195,6.60,1.02
05061,05,061,Howard,7773,162,2.08,0.44
05063,05,063,Independence,20930,1700,8.12,1.18
05065,05,065,Izard,7398,176,2.38,0.42
05067,05,067,Jackson,6840,222,3.25,0.39
05069,05,069,Jefferson,36739,774,2.11,2.07
05071,05,071,Johnson,11650,479,4.11,0.66
05073,05,073,Lafayette,5374,611,11.37,0.30
05075,05,075,Lawrence,6909,129,1.87,0.39
05077,05,077,Lee,3547,87,2.45,0.20
05079,05,079,Lincoln,4644,158,3.40,0.26
05081,05,081,Little River,6952,170,2.45,0.39
05083,05,083,Logan,7470,108,1.45,0.42
05085,05,085,Lonoke,45798,852,1.86,2.58
05087,05,087,Madison,9466,198,2.09,0.53
05089,05,089,Marion,10219,312,3.05,0.58
05091,05,091,Miller,25384,487,1.92,1.43
05093,05,093,Mississippi,21355,2013,9.43,1.20
05095,05,095,Monroe,5558,466,8.38,0.31
05097,05,097,Montgomery,6513,373,5.73,0.37
05099,05,099,Nevada,5633,163,2.89,0.32
05101,05,101,Newton,5106,607,11.89,0.29
05103,05,103,Ouachita,16582,1501,9.05,0.93
05105,05,105,Perry,6850,384,5.61,0.39
05107,05,107,Phillips,9683,113,1.17,0.55
05109,05,109,Pike,5125,262,5.11,0.29
05111,05,111,Poinsett,11917,1079,9.05,0.67
05113,05,113,Polk,12265,370,3.02,0.69
05115,05,115,Pope,35889,746,2.08,2.02
05117,05,117,Prairie,3999,109,2.73,0.23
05119,05,119,Pulaski,267466,29875,11.17,15.08
05121,05,121,Randolph,10508,229,2.18,0.59
05123,05,123,St Francis,9623,1751,18.20,0.54
05125,05,125,Saline,78639,1987,2.53,4.43
05127,05,127,Scott,4077,148,3.63,0.23
05129,05,129,Searcy,4801,115,2.40,0.27
05131,05,131,Sebastian,72620,1605,2.21,4.09
05133,05,133,Sevier,6880,207,3.01,0.39
05135,05,135,Sharp,13837,464,3.35,0.78
05137,05,137,Stone,8374,301,3.59,0.47
05139,05,139,Union,28093,2766,9.85,1.58
05141,05,141,Van Buren,11755,465,3.96,0.66
05143,05,143,Washington,139669,1993,1.43,7.87
05145,05,145,White,44737,970,2.17,2.52
05147,05,147,Woodruff,4143,544,13.13,0.23
05149,05,149,Yell,9862,190,1.93,0.56
04000,04,000,NOT_MATCHED,48,5,10.42,0.00
04001,04,001,Apache,57410,3484,6.07,1.22
04003,04,003,Cochise,84952,3463,4.08,1.81
04005,04,005,Coconino,107199,3328,3.10,2.29
04007,04,007,Gila,35567,1438,4.04,0.76
04009,04,009,Graham,22820,1146,5.02,0.49
04011,04,011,Greenlee,5306,342,6.45,0.11
04012,04,012,La Paz,13722,2014,14.68,0.29
04013,04,013,Maricopa,2929144,150643,5.14,62.44
04015,04,015,Mohave,158473,14824,9.35,3.38
04017,04,017,Navajo,81901,9529,11.63,1.75
04019,04,019,Pima,684034,19618,2.87,14.58
04021,04,021,Pinal,204419,8129,3.98,4.36
04023,04,023,Santa Cruz,29254,1076,3.68,0.62
04025,04,025,Yavapai,166784,8039,4.82,3.56
04027,04,027,Yuma,110025,3716,3.38,2.35
06000,06,000,NOT_MATCHED,883,146,16.53,0.00
06001,06,001,Alameda,950880,50557,5.32,4.31
06003,06,003,Alpine,857,101,11.79,0.00
06005,06,005,Amador,26171,1792,6.85,0.12
06007,06,007,Butte,125565,8228,6.55,0.57
06009,06,009,Calaveras,32318,2377,7.36,0.15
06011,06,011,Colusa,9769,525,5.37,0.04
06013,06,013,Contra Costa,701153,32562,4.64,3.18
06015,06,015,Del Norte,14803,1324,8.94,0.07
06017,06,017,El Dorado,137874,7133,5.17,0.62
06019,06,019,Fresno,508286,33183,6.53,2.30
06021,06,021,Glenn,15246,931,6.11,0.07
06023,06,023,Humboldt,86111,4632,5.38,0.39
06025,06,025,Imperial,90519,6787,7.50,0.41
06027,06,027,Inyo,11884,921,7.75,0.05
06029,06,029,Kern,445313,38411,8.63,2.02
06031,06,031,Kings,60903,3700,6.08,0.28
06033,06,033,Lake,37398,2202,5.89,0.17
06035,06,035,Lassen,17309,1477,8.53,0.08
06037,06,037,Los Angeles,5681014,362129,6.37,25.73
06039,06,039,Madera,69369,3329,4.80,0.31
06041,06,041,Marin,173438,9871,5.69,0.79
06043,06,043,Mariposa,12951,1318,10.18,0.06
06045,06,045,Mendocino,54742,3884,7.10,0.25
06047,06,047,Merced,122135,7437,6.09,0.55
06049,06,049,Modoc,5671,412,7.27,0.03
06051,06,051,Mono,7087,481,6.79,0.03
06053,06,053,Monterey,205696,12777,6.21,0.93
06055,06,055,Napa,85205,4784,5.61,0.39
06057,06,057,Nevada,85253,4983,5.84,0.39
06059,06,059,Orange,1803881,80923,4.49,8.17
06061,06,061,Placer,264577,15227,5.76,1.20
06063,06,063,Plumas,12972,945,7.28,0.06
06065,06,065,Riverside,1280963,74611,5.82,5.80
06067,06,067,Sacramento,865635,48358,5.59,3.92
06069,06,069,San Benito,35797,1897,5.30,0.16
06071,06,071,San Bernardino,1137705,67074,5.90,5.15
06073,06,073,San Diego,1959559,143187,7.31,8.88
06075,06,075,San Francisco,508076,37488,7.38,2.30
06077,06,077,San Joaquin,378481,18197,4.81,1.71
06079,06,079,San Luis Obispo,185358,11365,6.13,0.84
06081,06,081,San Mateo,428540,20972,4.89,1.94
06083,06,083,Santa Barbara,239003,14280,5.97,1.08
06085,06,085,Santa Clara,1026574,51662,5.03,4.65
06087,06,087,Santa Cruz,171429,9032,5.27,0.78
06089,06,089,Shasta,107309,6650,6.20,0.49
06091,06,091,Sierra,2464,141,5.72,0.01
06093,06,093,Siskiyou,28907,2207,7.63,0.13
06095,06,095,Solano,263330,18659,7.09,1.19
06097,06,097,Sonoma,304034,15012,4.94,1.38
06099,06,099,Stanislaus,284978,16588,5.82,1.29
06101,06,101,Sutter,52367,3005,5.74,0.24
06103,06,103,Tehama,41325,2070,5.01,0.19
06105,06,105,Trinity,7441,717,9.64,0.03
06107,06,107,Tulare,203233,11145,5.48,0.92
06109,06,109,Tuolumne,34729,2570,7.40,0.16
06111,06,111,Ventura,512042,27149,5.30,2.32
06113,06,113,Yolo,122002,7322,6.00,0.55
06115,06,115,Yuba,40138,2962,7.38,0.18
08001,08,001,Adams,319054,5881,1.84,7.86
08003,08,003,Alamosa,10786,246,2.28,0.27
08005,08,005,Arapahoe,420926,7931,1.88,10.37
08007,08,007,Archuleta,12074,265,2.19,0.30
08009,08,009,Baca,2823,90,3.19,0.07
08011,08,011,Bent,2958,95,3.21,0.07
08013,08,013,Boulder,256948,5169,2.01,6.33
08015,08,015,Chaffee,16951,299,1.76,0.42
08017,08,017,Cheyenne,1281,34,2.65,0.03
08019,08,019,Clear Creek,4824,122,2.53,0.12
08021,08,021,Conejos,5632,160,2.84,0.14
08023,08,023,Costilla,2824,62,2.20,0.07
08025,08,025,Crowley,2297,73,3.18,0.06
08027,08,027,Custer,4554,125,2.74,0.11
08029,08,029,Delta,24216,660,2.73,0.60
08031,08,031,Denver,503606,8002,1.59,12.40
08033,08,033,Dolores,1761,52,2.95,0.04
08035,08,035,Douglas,274703,6006,2.19,6.77
08037,08,037,Eagle,35885,677,1.89,0.88
08039,08,039,Elbert,15723,374,2.38,0.39
08041,08,041,El Paso,509126,10318,2.03,12.54
08043,08,043,Fremont,32283,973,3.01,0.80
08045,08,045,Garfield,43509,749,1.72,1.07
08047,08,047,Gilpin,5136,120,2.34,0.13
08049,08,049,Grand,12908,308,2.39,0.32
08051,08,051,Gunnison,13878,244,1.76,0.34
08053,08,053,Hinsdale,649,29,4.47,0.02
08055,08,055,Huerfano,5744,176,3.06,0.14
08057,08,057,Jackson,1075,31,2.88,0.03
08059,08,059,Jefferson,479805,9758,2.03,11.82
08061,08,061,Kiowa,1076,27,2.51,0.03
08063,08,063,Kit Carson,5023,100,1.99,0.12
08065,08,065,Lake,5707,59,1.03,0.14
08067,08,067,La Plata,47316,688,1.45,1.17
08069,08,069,Larimer,264743,5386,2.03,6.52
08071,08,071,Las Animas,11490,255,2.22,0.28
08073,08,073,Lincoln,3353,67,2.00,0.08
08075,08,075,Logan,12983,369,2.84,0.32
08077,08,077,Mesa,116484,2955,2.54,2.87
08079,08,079,Mineral,952,23,2.42,0.02
08081,08,081,Moffat,9418,220,2.34,0.23
08083,08,083,Montezuma,20924,428,2.05,0.52
08085,08,085,Montrose,31036,735,2.37,0.76
08087,08,087,Morgan,18311,360,1.97,0.45
08089,08,089,Otero,13341,300,2.25,0.33
08091,08,091,Ouray,3989,83,2.08,0.10
08093,08,093,Park,17755,368,2.07,0.44
08095,08,095,Phillips,3158,73,2.31,0.08
08097,08,097,Pitkin,12467,185,1.48,0.31
08099,08,099,Prowers,7741,195,2.52,0.19
08101,08,101,Pueblo,117711,2892,2.46,2.90
08103,08,103,Rio Blanco,4711,100,2.12,0.12
08105,08,105,Rio Grande,8519,155,1.82,0.21
08107,08,107,Routt,20967,380,1.81,0.52
08109,08,109,Saguache,4668,112,2.40,0.11
08111,08,111,San Juan,728,11,1.51,0.02
08113,08,113,San Miguel,6586,98,1.49,0.16
08115,08,115,Sedgwick,1817,39,2.15,0.04
08117,08,117,Summit,24496,434,1.77,0.60
08119,08,119,Teller,21707,619,2.85,0.53
08121,08,121,Washington,3208,94,2.93,0.08
08123,08,123,Weld,207579,3827,1.84,5.11
08125,08,125,Yuma,6013,130,2.16,0.15
09000,09,000,NOT_MATCHED,15598,233,1.49,0.63
09001,09,001,Fairfield,619994,6797,1.10,25.13
09003,09,003,Hartford,635104,10304,1.62,25.74
09005,09,005,Litchfield,136816,1853,1.35,5.55
09007,09,007,Middlesex,153873,1707,1.11,6.24
09009,09,009,New Haven,551087,8304,1.51,22.34
09011,09,011,New London,172350,1989,1.15,6.99
09013,09,013,Tolland,97795,1264,1.29,3.96
09015,09,015,Windham,84308,934,1.11,3.42
10001,10,001,Kent,148822,3664,2.46,19.85
10003,10,003,New Castle,428111,9053,2.11,57.10
10005,10,005,Sussex,172794,4236,2.45,23.05
12000,12,000,NOT_MATCHED,48740,704,1.44,0.32
12001,12,001,Alachua,214986,5969,2.78,1.43
12003,12,003,Baker,22852,479,2.10,0.15
12005,12,005,Bay,144558,4412,3.05,0.96
12007,12,007,Bradford,33073,1033,3.12,0.22
12009,12,009,Brevard,479077,12781,2.67,3.18
12011,12,011,Broward,1304572,24428,1.87,8.66
12013,12,013,Calhoun,12380,360,2.91,0.08
12015,12,015,Charlotte,200439,8488,4.23,1.33
12017,12,017,Citrus,143499,4888,3.41,0.95
12019,12,019,Clay,157968,4231,2.68,1.05
12021,12,021,Collier,274828,5811,2.11,1.82
12023,12,023,Columbia,49900,1625,3.26,0.33
12027,12,027,De Soto,15067,1037,6.88,0.10
12029,12,029,Dixie,15625,520,3.33,0.10
12031,12,031,Duval,744509,16654,2.24,4.94
12033,12,033,Escambia,248261,7835,3.16,1.65
12035,12,035,Flagler,163626,4929,3.01,1.09
12037,12,037,Franklin,11422,350,3.06,0.08
12039,12,039,Gadsden,32007,1685,5.26,0.21
12041,12,041,Gilchrist,12092,285,2.36,0.08
12043,12,043,Glades,31805,981,3.08,0.21
12045,12,045,Gulf,4752,274,5.77,0.03
12047,12,047,Hamilton,6999,206,2.94,0.05
12049,12,049,Hardee,12816,379,2.96,0.09
12051,12,051,Hendry,25131,623,2.48,0.17
12053,12,053,Hernando,146558,4407,3.01,0.97
12055,12,055,Highlands,68389,2211,3.23,0.45
12057,12,057,Hillsborough,1050435,20079,1.91,6.97
12059,12,059,Holmes,17865,632,3.54,0.12
12061,12,061,Indian River,125926,3301,2.62,0.84
12063,12,063,Jackson,23575,706,2.99,0.16
12065,12,065,Jefferson,13143,383,2.91,0.09
12067,12,067,Lafayette,3581,95,2.65,0.02
12069,12,069,Lake,404355,10918,2.70,2.68
12071,12,071,Lee,478992,10293,2.15,3.18
12073,12,073,Leon,225311,4448,1.97,1.50
12075,12,075,Levy,33322,965,2.90,0.22
12077,12,077,Liberty,4593,91,1.98,0.03
12079,12,079,Madison,10193,332,3.26,0.07
12081,12,081,Manatee,294304,8110,2.76,1.95
12083,12,083,Marion,311330,11073,3.56,2.07
12085,12,085,Martin,188560,4264,2.26,1.25
12086,12,086,Miami-Dade,1538641,30240,1.97,10.21
12087,12,087,Monroe,62495,1692,2.71,0.41
12089,12,089,Nassau,77513,2258,2.91,0.51
12091,12,091,Okaloosa,166367,4266,2.56,1.10
12093,12,093,Okeechobee,9237,227,2.46,0.06
12095,12,095,Orange,904195,17269,1.91,6.00
12097,12,097,Osceola,298598,5339,1.79,1.98
12099,12,099,Palm Beach,973003,19324,1.99,6.46
12101,12,101,Pasco,368464,10172,2.76,2.44
12103,12,103,Pinellas,737142,17869,2.42,4.89
12105,12,105,Polk,398429,9011,2.26,2.64
12107,12,107,Putnam,44064,1263,2.87,0.29
12109,12,109,St Johns,139372,3156,2.26,0.92
12111,12,111,St Lucie,233308,5156,2.21,1.55
12113,12,113,Santa Rosa,148546,4201,2.83,0.99
12115,12,115,Sarasota,336610,10377,3.08,2.23
12117,12,117,Seminole,311907,4928,1.58,2.07
12119,12,119,Sumter,24913,906,3.64,0.17
12121,12,121,Suwannee,23349,1189,5.09,0.15
12123,12,123,Taylor,11917,291,2.44,0.08
12127,12,127,Volusia,361880,9936,2.75,2.40
12129,12,129,Wakulla,20506,409,1.99,0.14
12131,12,131,Walton,56025,4180,7.46,0.37
12133,12,133,Washington,12856,380,2.96,0.09
13000,13,000,NOT_MATCHED,3387,1170,34.54,0.04
13001,13,001,Appling,11618,390,3.36,0.15
13003,13,003,Atkinson,3613,139,3.85,0.05
13005,13,005,Bacon,6811,282,4.14,0.09
13007,13,007,Baker,3069,131,4.27,0.04
13009,13,009,Baldwin,26905,973,3.62,0.35
13011,13,011,Banks,39602,1325,3.35,0.51
13013,13,013,Barrow,66034,1996,3.02,0.85
13015,13,015,Bartow,79949,3101,3.88,1.03
13017,13,017,Ben Hill,12459,427,3.43,0.16
13019,13,019,Berrien,13424,568,4.23,0.17
13021,13,021,Bibb,120118,5016,4.18,1.54
13023,13,023,Bleckley,851,25,2.94,0.01
13025,13,025,Brantley,11039,407,3.69,0.14
13027,13,027,Brooks,8776,376,4.28,0.11
13029,13,029,Bryan,37419,1790,4.78,0.48
13031,13,031,Bulloch,46085,1943,4.22,0.59
13033,13,033,Burke,15134,457,3.02,0.19
13035,13,035,Butts,22021,703,3.19,0.28
13037,13,037,Calhoun,1796,81,4.51,0.02
13039,13,039,Camden,41515,2707,6.52,0.53
13043,13,043,Candler,6341,187,2.95,0.08
13045,13,045,Carroll,87024,3019,3.47,1.12
13047,13,047,Catoosa,59092,2779,4.70,0.76
13049,13,049,Charlton,7452,471,6.32,0.10
13051,13,051,Chatham,233006,13071,5.61,3.00
13053,13,053,Chattahoochee,6767,440,6.50,0.09
13055,13,055,Chattooga,14852,596,4.01,0.19
13057,13,057,Cherokee,215438,8563,3.97,2.77
13059,13,059,Clarke,84207,4448,5.28,1.08
13061,13,061,Clay,1810,99,5.47,0.02
13063,13,063,Clayton,198603,7686,3.87,2.55
13065,13,065,Clinch,4568,183,4.01,0.06
13067,13,067,Cobb,612140,25665,4.19,7.87
13069,13,069,Coffee,28095,1061,3.78,0.36
13071,13,071,Colquitt,32846,1258,3.83,0.42
13073,13,073,Columbia,129295,6993,5.41,1.66
13075,13,075,Cook,9600,349,3.64,0.12
13077,13,077,Coweta,112214,4721,4.21,1.44
13079,13,079,Crawford,3965,167,4.21,0.05
13081,13,081,Crisp,12526,422,3.37,0.16
13083,13,083,Dade,10709,475,4.44,0.14
13085,13,085,Dawson,25364,934,3.68,0.33
13087,13,087,Decatur,17806,836,4.70,0.23
13089,13,089,De Kalb,622272,25291,4.06,8.00
13091,13,091,Dodge,21499,749,3.48,0.28
13093,13,093,Dooly,6358,231,3.63,0.08
13095,13,095,Dougherty,73229,3617,4.94,0.94
13097,13,097,Douglas,111623,4947,4.43,1.44
13099,13,099,Early,8410,456,5.42,0.11
13101,13,101,Echols,540,20,3.70,0.01
13103,13,103,Effingham,45386,1883,4.15,0.58
13105,13,105,Elbert,13886,518,3.73,0.18
13107,13,107,Emanuel,11780,447,3.79,0.15
13109,13,109,Evans,6950,229,3.29,0.09
13111,13,111,Fannin,22802,1028,4.51,0.29
13113,13,113,Fayette,99731,4705,4.72,1.28
13115,13,115,Floyd,61013,2807,4.60,0.78
13117,13,117,Forsyth,188721,7733,4.10,2.43
13119,13,119,Franklin,15475,632,4.08,0.20
13121,13,121,Fulton,856634,42391,4.95,11.01
13123,13,123,Gilmer,21680,1085,5.00,0.28
13125,13,125,Glascock,2296,79,3.44,0.03
13127,13,127,Glynn,67030,4006,5.98,0.86
13129,13,129,Gordon,31993,1135,3.55,0.41
13131,13,131,Grady,14259,567,3.98,0.18
13133,13,133,Greene,15203,807,5.31,0.20
13135,13,135,Gwinnett,579445,20230,3.49,7.45
13137,13,137,Habersham,27272,1056,3.87,0.35
13139,13,139,Hall,147719,5180,3.51,1.90
13141,13,141,Hancock,6234,257,4.12,0.08
13143,13,143,Haralson,15708,574,3.65,0.20
13145,13,145,Harris,29557,1074,3.63,0.38
13147,13,147,Hart,16305,727,4.46,0.21
13149,13,149,Heard,8988,322,3.58,0.12
13151,13,151,Henry,161459,5379,3.33,2.08
13153,13,153,Houston,113087,5287,4.68,1.45
13155,13,155,Irwin,5029,205,4.08,0.06
13157,13,157,Jackson,42085,1551,3.69,0.54
13159,13,159,Jasper,10832,371,3.43,0.14
13161,13,161,Jeff Davis,9225,383,4.15,0.12
13163,13,163,Jefferson,12112,423,3.49,0.16
13165,13,165,Jenkins,6836,268,3.92,0.09
13167,13,167,Johnson,7425,199,2.68,0.10
13169,13,169,Jones,12288,332,2.70,0.16
13171,13,171,Lamar,12785,431,3.37,0.16
13173,13,173,Lanier,4808,257,5.35,0.06
13175,13,175,Laurens,33265,1051,3.16,0.43
13177,13,177,Lee,22128,881,3.98,0.28
13179,13,179,Liberty,44856,2133,4.76,0.58
13181,13,181,Lincoln,7601,275,3.62,0.10
13183,13,183,Long,8603,378,4.39,0.11
13185,13,185,Lowndes,88439,4648,5.26,1.14
13187,13,187,Lumpkin,19614,720,3.67,0.25
13189,13,189,McDuffie,15734,497,3.16,0.20
13191,13,191,McIntosh,9881,502,5.08,0.13
13193,13,193,Macon,7022,259,3.69,0.09
13195,13,195,Madison,17487,486,2.78,0.22
13197,13,197,Marion,3424,135,3.94,0.04
13199,13,199,Meriwether,14215,502,3.53,0.18
13201,13,201,Miller,5086,202,3.97,0.07
13205,13,205,Mitchell,14126,485,3.43,0.18
13207,13,207,Monroe,17145,561,3.27,0.22
13209,13,209,Montgomery,3747,127,3.39,0.05
13211,13,211,Morgan,15179,485,3.20,0.20
13213,13,213,Murray,22665,691,3.05,0.29
13215,13,215,Muscogee,138124,6123,4.43,1.78
13217,13,217,Newton,87080,2724,3.13,1.12
13219,13,219,Oconee,29801,1060,3.56,0.38
13221,13,221,Oglethorpe,16595,626,3.77,0.21
13223,13,223,Paulding,104730,4277,4.08,1.35
13225,13,225,Peach,26884,960,3.57,0.35
13227,13,227,Pickens,28927,1307,4.52,0.37
13229,13,229,Pierce,13329,582,4.37,0.17
13231,13,231,Pike,14857,413,2.78,0.19
13233,13,233,Polk,34995,1136,3.25,0.45
13235,13,235,Pulaski,7930,489,6.17,0.10
13237,13,237,Putnam,15874,698,4.40,0.20
13239,13,239,Quitman,2154,115,5.34,0.03
13241,13,241,Rabun,13571,683,5.03,0.17
13243,13,243,Randolph,4510,169,3.75,0.06
13245,13,245,Richmond,147580,7194,4.87,1.90
13247,13,247,Rockdale,68833,3129,4.55,0.89
13249,13,249,Schley,6214,234,3.77,0.08
13251,13,251,Screven,9908,331,3.34,0.13
13253,13,253,Seminole,5548,161,2.90,0.07
13255,13,255,Spalding,48705,1990,4.09,0.63
13257,13,257,Stephens,18634,905,4.86,0.24
13259,13,259,Stewart,3391,124,3.66,0.04
13261,13,261,Sumter,18525,613,3.31,0.24
13263,13,263,Talbot,2779,84,3.02,0.04
13265,13,265,Taliaferro,1275,53,4.16,0.02
13267,13,267,Tattnall,14040,549,3.91,0.18
13269,13,269,Taylor,5244,135,2.57,0.07
13271,13,271,Telfair,4385,152,3.47,0.06
13273,13,273,Terrell,6719,252,3.75,0.09
13275,13,275,Thomas,31773,1675,5.27,0.41
13277,13,277,Tift,27809,936,3.37,0.36
13279,13,279,Toombs,20306,671,3.30,0.26
13281,13,281,Towns,11903,474,3.98,0.15
13283,13,283,Treutlen,4052,160,3.95,0.05
13285,13,285,Troup,49553,2159,4.36,0.64
13287,13,287,Turner,5678,224,3.95,0.07
13289,13,289,Twiggs,15289,558,3.65,0.20
13291,13,291,Union,20379,1154,5.66,0.26
13293,13,293,Upson,18065,636,3.52,0.23
13295,13,295,Walker,39306,1623,4.13,0.51
13297,13,297,Walton,44488,1496,3.36,0.57
13299,13,299,Ware,23988,1030,4.29,0.31
13301,13,301,Warren,3804,104,2.73,0.05
13303,13,303,Washington,13254,408,3.08,0.17
13305,13,305,Wayne,19334,857,4.43,0.25
13307,13,307,Webster,1607,43,2.68,0.02
13309,13,309,Wheeler,4289,160,3.73,0.06
13311,13,311,White,22108,946,4.28,0.28
13313,13,313,Whitfield,63749,2105,3.30,0.82
13315,13,315,Wilcox,4457,187,4.20,0.06
13317,13,317,Wilkes,6134,275,4.48,0.08
13319,13,319,Wilkinson,8816,238,2.70,0.11
13321,13,321,Worth,12552,505,4.02,0.16
19000,19,000,NOT_MATCHED,99,5,5.05,0.00
19001,19,001,Adair,6197,143,2.31,0.28
19003,19,003,Adams,2596,58,2.23,0.12
19005,19,005,Allamakee,8228,124,1.51,0.37
19007,19,007,Appanoose,8882,221,2.49,0.40
19009,19,009,Audubon,3811,92,2.41,0.17
19011,19,011,Benton,14040,237,1.69,0.64
19013,19,013,Black Hawk,86842,1658,1.91,3.95
19015,19,015,Boone,38504,609,1.58,1.75
19017,19,017,Bremer,17886,335,1.87,0.81
19019,19,019,Buchanan,15205,273,1.80,0.69
19021,19,021,Buena Vista,12250,201,1.64,0.56
19023,19,023,Butler,11413,200,1.75,0.52
19025,19,025,Calhoun,6289,146,2.32,0.29
19027,19,027,Carroll,12537,231,1.84,0.57
19029,19,029,Cass,10933,253,2.31,0.50
19031,19,031,Cedar,11803,235,1.99,0.54
19033,19,033,Cerro Gordo,32816,711,2.17,1.49
19035,19,035,Cherokee,8233,213,2.59,0.37
19037,19,037,Chickasaw,8426,175,2.08,0.38
19039,19,039,Clarke,5727,118,2.06,0.26
19041,19,041,Clay,11588,234,2.02,0.53
19043,19,043,Clayton,14312,294,2.05,0.65
19045,19,045,Clinton,33998,771,2.27,1.55
19047,19,047,Crawford,9818,154,1.57,0.45
19049,19,049,Dallas,78919,1291,1.64,3.59
19051,19,051,Davis,5204,112,2.15,0.24
19053,19,053,Decatur,5058,112,2.21,0.23
19055,19,055,Delaware,9061,158,1.74,0.41
19057,19,057,Des Moines,27786,648,2.33,1.26
19059,19,059,Dickinson,14132,290,2.05,0.64
19061,19,061,Dubuque,68416,1377,2.01,3.11
19063,19,063,Emmet,6803,143,2.10,0.31
19065,19,065,Fayette,12004,263,2.19,0.55
19067,19,067,Floyd,11001,256,2.33,0.50
19069,19,069,Franklin,5276,128,2.43,0.24
19071,19,071,Fremont,4848,104,2.15,0.22
19073,19,073,Greene,9344,199,2.13,0.42
19075,19,075,Grundy,8595,174,2.02,0.39
19077,19,077,Guthrie,8891,190,2.14,0.40
19079,19,079,Hamilton,9880,190,1.92,0.45
19081,19,081,Hancock,6634,164,2.47,0.30
19083,19,083,Hardin,13156,297,2.26,0.60
19085,19,085,Harrison,9661,626,6.48,0.44
19087,19,087,Henry,14403,301,2.09,0.66
19089,19,089,Howard,7141,175,2.45,0.32
19091,19,091,Humboldt,7129,145,2.03,0.32
19093,19,093,Ida,4831,104,2.15,0.22
19095,19,095,Iowa,16386,279,1.70,0.75
19097,19,097,Jackson,14080,258,1.83,0.64
19099,19,099,Jasper,35213,684,1.94,1.60
19101,19,101,Jefferson,12529,243,1.94,0.57
19103,19,103,Johnson,150402,2384,1.59,6.84
19105,19,105,Jones,20329,354,1.74,0.92
19107,19,107,Keokuk,23409,555,2.37,1.06
19109,19,109,Kossuth,11734,281,2.39,0.53
19111,19,111,Lee,22574,523,2.32,1.03
19113,19,113,Linn,123524,2118,1.71,5.62
19115,19,115,Louisa,6868,119,1.73,0.31
19117,19,117,Lucas,1066,20,1.88,0.05
19119,19,119,Lyon,7847,169,2.15,0.36
19121,19,121,Madison,9730,201,2.07,0.44
19123,19,123,Mahaska,17044,337,1.98,0.78
19125,19,125,Marion,31909,578,1.81,1.45
19127,19,127,Marshall,4824,72,1.49,0.22
19129,19,129,Mills,9567,175,1.83,0.44
19131,19,131,Mitchell,6844,151,2.21,0.31
19133,19,133,Monona,6075,162,2.67,0.28
19135,19,135,Monroe,4348,77,1.77,0.20
19137,19,137,Montgomery,8261,182,2.20,0.38
19139,19,139,Muscatine,26623,449,1.69,1.21
19141,19,141,O Brien,8362,200,2.39,0.38
19143,19,143,Osceola,6454,155,2.40,0.29
19145,19,145,Page,10396,228,2.19,0.47
19147,19,147,Palo Alto,6427,143,2.22,0.29
19149,19,149,Plymouth,16685,310,1.86,0.76
19151,19,151,Pocahontas,4542,110,2.42,0.21
19153,19,153,Polk,311402,5720,1.84,14.16
19155,19,155,Pottawattamie,62953,1201,1.91,2.86
19157,19,157,Poweshiek,3305,57,1.72,0.15
19159,19,159,Ringgold,3118,58,1.86,0.14
19161,19,161,Sac,7276,170,2.34,0.33
19163,19,163,Scott,129984,2538,1.95,5.91
19165,19,165,Shelby,8350,194,2.32,0.38
19167,19,167,Sioux,22889,399,1.74,1.04
19169,19,169,Story,40271,696,1.73,1.83
19171,19,171,Tama,29924,605,2.02,1.36
19173,19,173,Taylor,4329,99,2.29,0.20
19175,19,175,Union,7947,183,2.30,0.36
19177,19,177,Van Buren,6151,120,1.95,0.28
19179,19,179,Wapello,1598,39,2.44,0.07
19181,19,181,Warren,53522,953,1.78,2.43
19183,19,183,Washington,13456,245,1.82,0.61
19185,19,185,Wayne,3845,75,1.95,0.17
19187,19,187,Webster,23974,488,2.04,1.09
19189,19,189,Winnebago,5564,105,1.89,0.25
19191,19,191,Winneshiek,14596,283,1.94,0.66
19193,19,193,Woodbury,65002,1351,2.08,2.96
19195,19,195,Worth,7270,159,2.19,0.33
19197,19,197,Wright,7544,217,2.88,0.34
16000,16,000,NOT_MATCHED,3556,81,2.28,0.36
16001,16,001,Ada,294846,3676,1.25,29.98
16003,16,003,Adams,2790,100,3.58,0.28
16005,16,005,Bannock,46242,614,1.33,4.70
16007,16,007,Bear Lake,3521,108,3.07,0.36
16009,16,009,Benewah,6042,127,2.10,0.61
16011,16,011,Bingham,21849,686,3.14,2.22
16013,16,013,Blaine,14697,126,0.86,1.49
16015,16,015,Boise,4011,77,1.92,0.41
16017,16,017,Bonner,32248,1657,5.14,3.28
16019,16,019,Bonneville,60486,4357,7.20,6.15
16021,16,021,Boundary,7103,337,4.74,0.72
16023,16,023,Butte,976,62,6.35,0.10
16025,16,025,Camas,714,56,7.84,0.07
16027,16,027,Canyon,105111,1371,1.30,10.69
16029,16,029,Caribou,3864,152,3.93,0.39
16031,16,031,Cassia,10333,508,4.92,1.05
16033,16,033,Clark,360,45,12.50,0.04
16035,16,035,Clearwater,5070,79,1.56,0.52
16037,16,037,Custer,3563,93,2.61,0.36
16039,16,039,Elmore,11667,201,1.72,1.19
16041,16,041,Franklin,7248,298,4.11,0.74
16043,16,043,Fremont,7090,297,4.19,0.72
16045,16,045,Gem,10899,406,3.73,1.11
16047,16,047,Gooding,5156,97,1.88,0.52
16049,16,049,Idaho,11629,199,1.71,1.18
16051,16,051,Jefferson,15629,329,2.11,1.59
16053,16,053,Jerome,9174,417,4.55,0.93
16055,16,055,Kootenai,98637,5554,5.63,10.03
16057,16,057,Latah,23947,1830,7.64,2.43
16059,16,059,Lemhi,5350,97,1.81,0.54
16061,16,061,Lewis,1264,27,2.14,0.13
16063,16,063,Lincoln,2302,86,3.74,0.23
16065,16,065,Madison,19742,200,1.01,2.01
16067,16,067,Minidoka,8893,494,5.55,0.90
16069,16,069,Nez Perce,21898,448,2.05,2.23
16071,16,071,Oneida,2746,123,4.48,0.28
16073,16,073,Owyhee,6655,292,4.39,0.68
16075,16,075,Payette,12057,430,3.57,1.23
16077,16,077,Power,3151,59,1.87,0.32
16079,16,079,Shoshone,7704,290,3.76,0.78
16081,16,081,Teton,7061,74,1.05,0.72
16083,16,083,Twin Falls,42450,1038,2.45,4.32
16085,16,085,Valley,8012,223,2.78,0.81
16087,16,087,Washington,5854,316,5.40,0.60
26000,26,000,NOT_MATCHED,83,3,3.61,0.00
26001,26,001,Alcona,11212,284,2.53,0.14
26003,26,003,Alger,6734,169,2.51,0.08
26005,26,005,Allegan,107699,2375,2.21,1.34
26007,26,007,Alpena,24791,506,2.04,0.31
26009,26,009,Antrim,19172,416,2.17,0.24
26011,26,011,Arenac,13854,389,2.81,0.17
26013,26,013,Baraga,5950,114,1.92,0.07
26015,26,015,Barry,52666,903,1.71,0.66
26017,26,017,Bay,110738,2357,2.13,1.38
26019,26,019,Benzie,12624,295,2.34,0.16
26021,26,021,Berrien,140228,3821,2.72,1.75
26023,26,023,Branch,33922,781,2.30,0.42
26025,26,025,Calhoun,106204,2195,2.07,1.32
26027,26,027,Cass,31761,893,2.81,0.40
26029,26,029,Charlevoix,24491,692,2.83,0.31
26031,26,031,Cheboygan,19275,453,2.35,0.24
26033,26,033,Chippewa,26522,520,1.96,0.33
26035,26,035,Clare,27561,792,2.87,0.34
26037,26,037,Clinton,46701,715,1.53,0.58
26039,26,039,Crawford,10376,241,2.32,0.13
26041,26,041,Delta,32406,638,1.97,0.40
26043,26,043,Dickinson,22980,634,2.76,0.29
26045,26,045,Eaton,93747,1788,1.91,1.17
26047,26,047,Emmet,32631,711,2.18,0.41
26049,26,049,Genesee,368606,7502,2.04,4.59
26051,26,051,Gladwin,21430,553,2.58,0.27
26053,26,053,Gogebic,13738,351,2.55,0.17
26055,26,055,Grand Traverse,92612,1831,1.98,1.15
26057,26,057,Gratiot,23225,586,2.52,0.29
26059,26,059,Hillsdale,33548,865,2.58,0.42
26061,26,061,Houghton,26837,748,2.79,0.33
26063,26,063,Huron,26391,599,2.27,0.33
26065,26,065,Ingham,221957,4595,2.07,2.77
26067,26,067,Ionia,48344,870,1.80,0.60
26069,26,069,Iosco,21123,538,2.55,0.26
26071,26,071,Iron,10401,277,2.66,0.13
26073,26,073,Isabella,43671,964,2.21,0.54
26075,26,075,Jackson,116103,2452,2.11,1.45
26077,26,077,Kalamazoo,202262,3617,1.79,2.52
26079,26,079,Kalkaska,15449,264,1.71,0.19
26081,26,081,Kent,485214,8151,1.68,6.05
26083,26,083,Keweenaw,1774,56,3.16,0.02
26085,26,085,Lake,10860,239,2.20,0.14
26087,26,087,Lapeer,71629,1394,1.95,0.89
26089,26,089,Leelanau,15716,310,1.97,0.20
26091,26,091,Lenawee,83523,1838,2.20,1.04
26093,26,093,Livingston,147004,2831,1.93,1.83
26095,26,095,Luce,4559,123,2.70,0.06
26097,26,097,Mackinac,9510,305,3.21,0.12
26099,26,099,Macomb,689345,11328,1.64,8.59
26101,26,101,Manistee,23829,700,2.94,0.30
26103,26,103,Marquette,53742,1121,2.09,0.67
26105,26,105,Mason,23980,494,2.06,0.30
26107,26,107,Mecosta,32084,855,2.66,0.40
26109,26,109,Menominee,19076,387,2.03,0.24
26111,26,111,Midland,44451,974,2.19,0.55
26113,26,113,Missaukee,10674,198,1.85,0.13
26115,26,115,Monroe,135424,3728,2.75,1.69
26117,26,117,Montcalm,48843,911,1.87,0.61
26119,26,119,Montmorency,10087,262,2.60,0.13
26121,26,121,Muskegon,142074,2533,1.78,1.77
26123,26,123,Newaygo,34786,712,2.05,0.43
26125,26,125,Oakland,1025219,19311,1.88,12.77
26127,26,127,Oceana,22168,464,2.09,0.28
26129,26,129,Ogemaw,19272,515,2.67,0.24
26131,26,131,Ontonagon,5645,162,2.87,0.07
26133,26,133,Osceola,19490,378,1.94,0.24
26135,26,135,Oscoda,5738,138,2.41,0.07
26137,26,137,Otsego,22164,492,2.22,0.28
26139,26,139,Ottawa,212405,3110,1.46,2.65
26141,26,141,Presque Isle,11135,254,2.28,0.14
26143,26,143,Roscommon,25137,628,2.50,0.31
26145,26,145,Saginaw,156655,3183,2.03,1.95
26147,26,147,St Clair,134799,2798,2.08,1.68
26149,26,149,St Joseph,51422,1042,2.03,0.64
26151,26,151,Sanilac,28251,592,2.10,0.35
26153,26,153,Schoolcraft,7645,209,2.73,0.10
26155,26,155,Shiawassee,44773,765,1.71,0.56
26157,26,157,Tuscola,45286,1152,2.54,0.56
26159,26,159,Van Buren,64661,1187,1.84,0.81
26161,26,161,Washtenaw,291248,5040,1.73,3.63
26163,26,163,Wayne,1408411,25843,1.83,17.55
26165,26,165,Wexford,26475,554,2.09,0.33
27000,27,000,NOT_MATCHED,248,18,7.26,0.01
27001,27,001,Aitkin,18167,576,3.17,0.50
27003,27,003,Anoka,265874,7879,2.96,7.37
27005,27,005,Becker,36499,1070,2.93,1.01
27007,27,007,Beltrami,31927,1068,3.35,0.89
27009,27,009,Benton,60887,1655,2.72,1.69
27011,27,011,Big Stone,5586,143,2.56,0.15
27013,27,013,Blue Earth,69661,2078,2.98,1.93
27015,27,015,Brown,10556,313,2.97,0.29
27017,27,017,Carlton,30196,929,3.08,0.84
27019,27,019,Carver,87469,2482,2.84,2.43
27021,27,021,Cass,56444,1611,2.85,1.57
27023,27,023,Chippewa,15181,494,3.25,0.42
27025,27,025,Chisago,44365,1566,3.53,1.23
27027,27,027,Clay,36321,1488,4.10,1.01
27029,27,029,Clearwater,5631,160,2.84,0.16
27031,27,031,Cook,4076,100,2.45,0.11
27033,27,033,Cottonwood,8928,255,2.86,0.25
27035,27,035,Crow Wing,14587,414,2.84,0.40
27037,27,037,Dakota,293470,9729,3.32,8.14
27039,27,039,Dodge,26519,651,2.45,0.74
27041,27,041,Douglas,36816,1028,2.79,1.02
27043,27,043,Faribault,10134,247,2.44,0.28
27045,27,045,Fillmore,15580,431,2.77,0.43
27047,27,047,Freeborn,34849,1149,3.30,0.97
27049,27,049,Goodhue,24779,804,3.24,0.69
27051,27,051,Grant,3810,104,2.73,0.11
27053,27,053,Hennepin,807608,34022,4.21,22.40
27055,27,055,Houston,13221,442,3.34,0.37
27057,27,057,Hubbard,2114,37,1.75,0.06
27059,27,059,Isanti,8355,222,2.66,0.23
27061,27,061,Itasca,40569,1222,3.01,1.13
27063,27,063,Jackson,14317,476,3.32,0.40
27065,27,065,Kanabec,11507,481,4.18,0.32
27067,27,067,Kandiyohi,27851,775,2.78,0.77
27069,27,069,Kittson,2882,57,1.98,0.08
27071,27,071,Koochiching,7824,275,3.51,0.22
27073,27,073,Lac qui Parle,6514,193,2.96,0.18
27075,27,075,Lake,11766,376,3.20,0.33
27077,27,077,Lake of the Woods,3138,85,2.71,0.09
27079,27,079,Le Sueur,37881,1036,2.73,1.05
27081,27,081,Lincoln,8460,292,3.45,0.23
27083,27,083,Lyon,14415,469,3.25,0.40
27085,27,085,McLeod,20841,659,3.16,0.58
27087,27,087,Mahnomen,2440,65,2.66,0.07
27089,27,089,Marshall,11789,316,2.68,0.33
27091,27,091,Martin,10108,356,3.52,0.28
27093,27,093,Meeker,12493,314,2.51,0.35
27095,27,095,Mille Lacs,2615,91,3.48,0.07
27097,27,097,Morrison,9619,279,2.90,0.27
27099,27,099,Mower,5680,145,2.55,0.16
27101,27,101,Murray,3234,88,2.72,0.09
27103,27,103,Nicollet,7846,208,2.65,0.22
27105,27,105,Nobles,5347,108,2.02,0.15
27107,27,107,Norman,4751,124,2.61,0.13
27109,27,109,Olmsted,96282,3656,3.80,2.67
27111,27,111,Otter Tail,38578,1124,2.91,1.07
27113,27,113,Pennington,2625,62,2.36,0.07
27115,27,115,Pine,9988,328,3.28,0.28
27117,27,117,Pipestone,267,3,1.12,0.01
27119,27,119,Polk,15933,575,3.61,0.44
27121,27,121,Pope,2914,66,2.26,0.08
27123,27,123,Ramsey,373563,15466,4.14,10.36
27127,27,127,Redwood,2671,77,2.88,0.07
27129,27,129,Renville,7826,238,3.04,0.22
27131,27,131,Rice,52977,1842,3.48,1.47
27133,27,133,Rock,5584,200,3.58,0.15
27135,27,135,Roseau,8771,209,2.38,0.24
27137,27,137,St Louis,107327,3510,3.27,2.98
27139,27,139,Scott,79380,2391,3.01,2.20
27141,27,141,Sherburne,30157,804,2.67,0.84
27143,27,143,Sibley,2164,54,2.50,0.06
27145,27,145,Stearns,89462,2380,2.66,2.48
27147,27,147,Steele,18505,544,2.94,0.51
27149,27,149,Stevens,4253,137,3.22,0.12
27151,27,151,Swift,415,1,0.24,0.01
27153,27,153,Todd,15283,363,2.38,0.42
27155,27,155,Traverse,1313,48,3.66,0.04
27157,27,157,Wabasha,7089,186,2.62,0.20
27159,27,159,Wadena,1254,37,2.95,0.03
27161,27,161,Waseca,231,5,2.16,0.01
27163,27,163,Washington,169044,5545,3.28,4.69
27165,27,165,Watonwan,82,4,4.88,0.00
27167,27,167,Wilkin,2787,110,3.95,0.08
27169,27,169,Winona,29042,1004,3.46,0.81
27171,27,171,Wright,65322,1792,2.74,1.81
27173,27,173,Yellow Medicine,932,20,2.15,0.03
29000,29,000,NOT_MATCHED,1009,37,3.67,0.02
29001,29,001,Adair,16882,453,2.68,0.40
29003,29,003,Andrew,42700,1659,3.89,1.02
29005,29,005,Atchison,5296,181,3.42,0.13
29007,29,007,Audrain,28218,816,2.89,0.67
29009,29,009,Barry,41004,1240,3.02,0.98
29011,29,011,Barton,14295,283,1.98,0.34
29013,29,013,Bates,12509,357,2.85,0.30
29015,29,015,Benton,31979,1177,3.68,0.76
29017,29,017,Bollinger,7661,269,3.51,0.18
29019,29,019,Boone,117139,2514,2.15,2.79
29021,29,021,Buchanan,26275,583,2.22,0.63
29023,29,023,Butler,32467,942,2.90,0.77
29025,29,025,Caldwell,16317,592,3.63,0.39
29027,29,027,Callaway,29499,820,2.78,0.70
29029,29,029,Camden,60972,2295,3.76,1.45
29031,29,031,Cape Girardeau,56229,1364,2.43,1.34
29033,29,033,Carroll,7155,202,2.82,0.17
29035,29,035,Carter,2743,86,3.14,0.07
29037,29,037,Cass,94868,2478,2.61,2.26
29039,29,039,Cedar,13527,493,3.64,0.32
29041,29,041,Chariton,11343,296,2.61,0.27
29043,29,043,Christian,110732,3002,2.71,2.64
29045,29,045,Clark,4541,118,2.60,0.11
29047,29,047,Clay,160069,4359,2.72,3.82
29049,29,049,Clinton,4506,119,2.64,0.11
29051,29,051,Cole,54475,1075,1.97,1.30
29053,29,053,Cooper,43051,1272,2.95,1.03
29055,29,055,Crawford,29693,859,2.89,0.71
29057,29,057,Dade,5144,297,5.77,0.12
29059,29,059,Dallas,18875,545,2.89,0.45
29061,29,061,Daviess,13658,676,4.95,0.33
29063,29,063,De Kalb,2394,52,2.17,0.06
29065,29,065,Dent,5750,210,3.65,0.14
29067,29,067,Douglas,7697,289,3.75,0.18
29069,29,069,Dunklin,19871,750,3.77,0.47
29071,29,071,Franklin,81013,1828,2.26,1.93
29073,29,073,Gasconade,10478,272,2.60,0.25
29075,29,075,Gentry,4580,140,3.06,0.11
29077,29,077,Greene,184421,4505,2.44,4.40
29079,29,079,Grundy,6540,308,4.71,0.16
29081,29,081,Harrison,6010,201,3.34,0.14
29083,29,083,Henry,4865,130,2.67,0.12
29085,29,085,Hickory,4981,384,7.71,0.12
29087,29,087,Holt,2822,132,4.68,0.07
29089,29,089,Howard,7245,237,3.27,0.17
29091,29,091,Howell,29784,882,2.96,0.71
29093,29,093,Iron,10028,287,2.86,0.24
29095,29,095,Jackson,495442,19376,3.91,11.81
29097,29,097,Jasper,89695,2323,2.59,2.14
29099,29,099,Jefferson,171415,2828,1.65,4.09
29101,29,101,Johnson,25763,819,3.18,0.61
29103,29,103,Knox,2730,116,4.25,0.07
29105,29,105,Laclede,4563,144,3.16,0.11
29107,29,107,Lafayette,20909,808,3.86,0.50
29109,29,109,Lawrence,10935,303,2.77,0.26
29111,29,111,Lewis,7435,482,6.48,0.18
29113,29,113,Lincoln,63756,1752,2.75,1.52
29115,29,115,Linn,3395,94,2.77,0.08
29117,29,117,Livingston,529,13,2.46,0.01
29119,29,119,McDonald,30564,669,2.19,0.73
29121,29,121,Macon,10138,262,2.58,0.24
29123,29,123,Madison,26120,1021,3.91,0.62
29125,29,125,Maries,5166,153,2.96,0.12
29127,29,127,Marion,22619,583,2.58,0.54
29129,29,129,Mercer,2511,104,4.14,0.06
29131,29,131,Miller,16804,431,2.56,0.40
29133,29,133,Mississippi,22712,1109,4.88,0.54
29135,29,135,Moniteau,4517,135,2.99,0.11
29137,29,137,Monroe,13531,719,5.31,0.32
29139,29,139,Montgomery,2689,94,3.50,0.06
29141,29,141,Morgan,3855,134,3.48,0.09
29143,29,143,New Madrid,9769,578,5.92,0.23
29145,29,145,Newton,8077,165,2.04,0.19
29147,29,147,Nodaway,10497,370,3.52,0.25
29149,29,149,Oregon,5694,211,3.71,0.14
29151,29,151,Osage,8204,126,1.54,0.20
29153,29,153,Ozark,6844,594,8.68,0.16
29155,29,155,Pemiscot,7968,624,7.83,0.19
29157,29,157,Perry,13704,658,4.80,0.33
29159,29,159,Pettis,12171,334,2.74,0.29
29161,29,161,Phelps,22806,800,3.51,0.54
29163,29,163,Pike,12522,509,4.06,0.30
29165,29,165,Platte,72677,1257,1.73,1.73
29167,29,167,Polk,13703,443,3.23,0.33
29169,29,169,Pulaski,20557,438,2.13,0.49
29171,29,171,Putnam,3453,128,3.71,0.08
29173,29,173,Ralls,920,39,4.24,0.02
29175,29,175,Randolph,2912,123,4.22,0.07
29177,29,177,Ray,12208,459,3.76,0.29
29179,29,179,Reynolds,3186,93,2.92,0.08
29181,29,181,Ripley,7820,240,3.07,0.19
29183,29,183,St Charles,285026,7280,2.55,6.79
29185,29,185,St Clair,3531,134,3.79,0.08
29186,29,186,Ste. Genevieve,8117,207,2.55,0.19
29187,29,187,St Francois,26399,640,2.42,0.63
29189,29,189,St Louis,710012,11937,1.68,16.93
29195,29,195,Saline,3987,95,2.38,0.10
29197,29,197,Schuyler,2421,67,2.77,0.06
29199,29,199,Scotland,2599,91,3.50,0.06
29201,29,201,Scott,10002,300,3.00,0.24
29203,29,203,Shannon,4783,320,6.69,0.11
29205,29,205,Shelby,3325,83,2.50,0.08
29207,29,207,Stoddard,19129,541,2.83,0.46
29209,29,209,Stone,26575,2045,7.70,0.63
29211,29,211,Sullivan,2845,196,6.89,0.07
29213,29,213,Taney,12776,1102,8.63,0.30
29215,29,215,Texas,11039,463,4.19,0.26
29217,29,217,Vernon,9668,353,3.65,0.23
29219,29,219,Warren,504,18,3.57,0.01
29221,29,221,Washington,8582,275,3.20,0.20
29223,29,223,Wayne,6652,218,3.28,0.16
29225,29,225,Webster,8233,256,3.11,0.20
29227,29,227,Worth,18,2,11.11,0.00
29229,29,229,Wright,11151,549,4.92,0.27
29510,29,510,St Louis City,200513,4834,2.41,4.78
28000,28,000,NOT_MATCHED,22461,21966,97.80,0.63
28001,28,001,Adams,45385,22669,49.95,1.28
28003,28,003,Alcorn,39997,13281,33.20,1.13
28005,28,005,Amite,20669,8358,40.44,0.58
28007,28,007,Attala,24233,11757,48.52,0.68
28009,28,009,Benton,11249,4868,43.27,0.32
28011,28,011,Bolivar,43280,23177,53.55,1.22
28013,28,013,Calhoun,14273,5639,39.51,0.40
28015,28,015,Carroll,11694,5259,44.97,0.33
28017,28,017,Chickasaw,21071,7513,35.66,0.59
28019,28,019,Choctaw,12324,5993,48.63,0.35
28021,28,021,Claiborne,18834,12477,66.25,0.53
28023,28,023,Clarke,21560,9730,45.13,0.61
28025,28,025,Clay,24530,10032,40.90,0.69
28027,28,027,Coahoma,37228,21328,57.29,1.05
28029,28,029,Copiah,33778,10955,32.43,0.95
28031,28,031,Covington,16230,5038,31.04,0.46
28033,28,033,De Soto,182861,60525,33.10,5.16
28035,28,035,Forrest,78944,35495,44.96,2.23
28037,28,037,Franklin,5664,2124,37.50,0.16
28039,28,039,George,27986,9191,32.84,0.79
28041,28,041,Greene,10350,4057,39.20,0.29
28043,28,043,Grenada,29738,13220,44.45,0.84
28045,28,045,Hancock,55846,25252,45.22,1.58
28047,28,047,Harrison,305329,157453,51.57,8.62
28049,28,049,Hinds,244439,59180,24.21,6.90
28051,28,051,Holmes,28938,14354,49.60,0.82
28053,28,053,Humphreys,13037,6548,50.23,0.37
28055,28,055,Issaquena,1062,662,62.34,0.03
28057,28,057,Itawamba,21982,7668,34.88,0.62
28059,28,059,Jackson,134918,49529,36.71,3.81
28061,28,061,Jasper,43154,14071,32.61,1.22
28063,28,063,Jefferson,7079,3134,44.27,0.20
28065,28,065,Jefferson Davis,17171,9225,53.72,0.48
28067,28,067,Jones,42143,15754,37.38,1.19
28069,28,069,Kemper,7930,2317,29.22,0.22
28071,28,071,Lafayette,53415,20104,37.64,1.51
28073,28,073,Lamar,59881,24142,40.32,1.69
28075,28,075,Lauderdale,85113,36457,42.83,2.40
28077,28,077,Lawrence,21010,9750,46.41,0.59
28079,28,079,Leake,20621,7303,35.42,0.58
28081,28,081,Lee,79709,29562,37.09,2.25
28083,28,083,Leflore,56335,33250,59.02,1.59
28085,28,085,Lincoln,32697,12477,38.16,0.92
28087,28,087,Lowndes,78767,34388,43.66,2.22
28089,28,089,Madison,133550,55679,41.69,3.77
28091,28,091,Marion,44423,19738,44.43,1.25
28093,28,093,Marshall,51022,24785,48.58,1.44
28095,28,095,Monroe,49578,23748,47.90,1.40
28097,28,097,Montgomery,14721,7652,51.98,0.42
28099,28,099,Neshoba,25993,11306,43.50,0.73
28101,28,101,Newton,27110,9871,36.41,0.76
28103,28,103,Noxubee,14713,6874,46.72,0.42
28105,28,105,Oktibbeha,59636,27255,45.70,1.68
28107,28,107,Panola,48822,24261,49.69,1.38
28109,28,109,Pearl River,75576,31080,41.12,2.13
28111,28,111,Perry,15499,6398,41.28,0.44
28113,28,113,Pike,48786,21956,45.00,1.38
28115,28,115,Pontotoc,34917,13411,38.41,0.99
28117,28,117,Prentiss,28820,11102,38.52,0.81
28119,28,119,Quitman,11225,6271,55.87,0.32
28121,28,121,Rankin,166250,66364,39.92,4.69
28123,28,123,Scott,35042,13565,38.71,0.99
28125,28,125,Sharkey,7359,3760,51.09,0.21
28127,28,127,Simpson,34061,12356,36.28,0.96
28129,28,129,Smith,13314,4253,31.94,0.38
28131,28,131,Stone,21139,7594,35.92,0.60
28133,28,133,Sunflower,35520,20025,56.38,1.00
28135,28,135,Tallahatchie,17458,8534,48.88,0.49
28137,28,137,Tate,37629,18593,49.41,1.06
28139,28,139,Tippah,24447,8358,34.19,0.69
28141,28,141,Tishomingo,21624,8932,41.31,0.61
28143,28,143,Tunica,14171,4301,30.35,0.40
28145,28,145,Union,28683,11115,38.75,0.81
28147,28,147,Walthall,15271,6489,42.49,0.43
28149,28,149,Warren,55151,26004,47.15,1.56
28151,28,151,Washington,60514,27657,45.70,1.71
28153,28,153,Wayne,17231,5775,33.52,0.49
28155,28,155,Webster,8162,3022,37.03,0.23
28157,28,157,Wilkinson,9818,4724,48.12,0.28
28159,28,159,Winston,25056,12292,49.06,0.71
28161,28,161,Yalobusha,21337,7991,37.45,0.60
28163,28,163,Yazoo,25488,6417,25.18,0.72
30000,30,000,NOT_MATCHED,4677,3,0.06,0.63
30001,30,001,Beaverhead,6989,54,0.77,0.95
30003,30,003,Big Horn,3567,1,0.03,0.48
30005,30,005,Blaine,3737,11,0.29,0.51
30007,30,007,Broadwater,3881,1,0.03,0.53
30009,30,009,Carbon,8320,28,0.34,1.13
30011,30,011,Carter,899,3,0.33,0.12
30013,30,013,Cascade,48823,278,0.57,6.61
30015,30,015,Chouteau,4688,25,0.53,0.63
30017,30,017,Custer,7043,27,0.38,0.95
30019,30,019,Daniels,1149,3,0.26,0.16
30021,30,021,Dawson,5606,29,0.52,0.76
30023,30,023,Deer Lodge,5480,160,2.92,0.74
30025,30,025,Fallon,1776,10,0.56,0.24
30027,30,027,Fergus,7367,47,0.64,1.00
30029,30,029,Flathead,71602,374,0.52,9.69
30031,30,031,Gallatin,89236,401,0.45,12.08
30033,30,033,Garfield,835,15,1.80,0.11
30035,30,035,Glacier,8087,11,0.14,1.09
30037,30,037,Golden Valley,689,14,2.03,0.09
30039,30,039,Granite,2139,20,0.94,0.29
30041,30,041,Hill,7504,61,0.81,1.02
30043,30,043,Jefferson,9152,63,0.69,1.24
30047,30,047,Lake,24631,204,0.83,3.33
30049,30,049,Lewis and Clark,50031,213,0.43,6.77
30051,30,051,Liberty,1262,13,1.03,0.17
30053,30,053,Lincoln,14606,82,0.56,1.98
30055,30,055,McCone,1008,5,0.50,0.14
30057,30,057,Madison,6859,49,0.71,0.93
30059,30,059,Meagher,1299,13,1.00,0.18
30061,30,061,Mineral,2891,32,1.11,0.39
30063,30,063,Missoula,89727,660,0.74,12.15
30065,30,065,Musselshell,3271,15,0.46,0.44
30067,30,067,Park,13240,70,0.53,1.79
30071,30,071,Phillips,2833,11,0.39,0.38
30073,30,073,Pondera,3789,29,0.77,0.51
30075,30,075,Powder River,1004,10,1.00,0.14
30077,30,077,Powell,3939,38,0.96,0.53
30079,30,079,Prairie,923,9,0.98,0.12
30081,30,081,Ravalli,34368,219,0.64,4.65
30083,30,083,Richland,7315,32,0.44,0.99
30085,30,085,Roosevelt,6016,24,0.40,0.81
30087,30,087,Rosebud,5003,22,0.44,0.68
30089,30,089,Sanders,9624,87,0.90,1.30
30091,30,091,Sheridan,2443,10,0.41,0.33
30093,30,093,Silver Bow,22745,144,0.63,3.08
30095,30,095,Stillwater,6779,41,0.60,0.92
30097,30,097,Sweet Grass,2537,16,0.63,0.34
30099,30,099,Teton,4054,18,0.44,0.55
30101,30,101,Toole,2417,18,0.74,0.33
30105,30,105,Valley,4864,50,1.03,0.66
30107,30,107,Wheatland,1239,8,0.65,0.17
30109,30,109,Wibaux,716,2,0.28,0.10
30111,30,111,Yellowstone,102734,645,0.63,13.91
37000,37,000,NOT_MATCHED,1058953,17828,1.68,12.71
37001,37,001,Alamance,153589,2203,1.43,1.84
37003,37,003,Alexander,99550,696,0.70,1.20
37007,37,007,Anson,22986,1,0.00,0.28
37011,37,011,Avery,25269,15,0.06,0.30
37013,37,013,Beaufort,86693,15,0.02,1.04
37017,37,017,Bladen,81576,630,0.77,0.98
37019,37,019,Brunswick,118782,1770,1.49,1.43
37021,37,021,Buncombe,255343,35,0.01,3.07
37023,37,023,Burke,85683,89,0.10,1.03
37025,37,025,Cabarrus,395603,4524,1.14,4.75
37027,37,027,Caldwell,40549,605,1.49,0.49
37029,37,029,Camden,36229,378,1.04,0.43
37031,37,031,Carteret,58171,1,0.00,0.70
37033,37,033,Caswell,45034,4,0.01,0.54
37035,37,035,Catawba,105582,134,0.13,1.27
37037,37,037,Chatham,228220,2669,1.17,2.74
37045,37,045,Cleveland,80125,618,0.77,0.96
37049,37,049,Craven,79078,33,0.04,0.95
37051,37,051,Cumberland,197326,2787,1.41,2.37
37055,37,055,Dare,30680,387,1.26,0.37
37057,37,057,Davidson,271070,1409,0.52,3.25
37059,37,059,Davie,43512,40,0.09,0.52
37061,37,061,Duplin,61075,27,0.04,0.73
37063,37,063,Durham,282175,3006,1.07,3.39
37065,37,065,Edgecombe,48101,65,0.14,0.58
37067,37,067,Forsyth,204419,1088,0.53,2.45
37069,37,069,Franklin,100783,428,0.42,1.21
37071,37,071,Gaston,151848,2458,1.62,1.82
37077,37,077,Granville,43382,4,0.01,0.52
37079,37,079,Greene,40276,26,0.06,0.48
37081,37,081,Guilford,343860,3466,1.01,4.13
37085,37,085,Harnett,141085,2319,1.64,1.69
37087,37,087,Haywood,47441,6,0.01,0.57
37093,37,093,Hoke,57209,30,0.05,0.69
37097,37,097,Iredell,112374,1717,1.53,1.35
37099,37,099,Jackson,35764,572,1.60,0.43
37101,37,101,Johnston,251035,6030,2.40,3.01
37103,37,103,Jones,32468,4,0.01,0.39
37119,37,119,Mecklenburg,590520,9424,1.60,7.09
37123,37,123,Montgomery,21854,212,0.97,0.26
37125,37,125,Moore,60018,2,0.00,0.72
37127,37,127,Nash,96161,693,0.72,1.15
37129,37,129,New Hanover,179142,51,0.03,2.15
37133,37,133,Onslow,94403,27,0.03,1.13
37135,37,135,Orange,72482,14,0.02,0.87
37137,37,137,Pamlico,7810,104,1.33,0.09
37141,37,141,Pender,38045,2,0.01,0.46
37147,37,147,Pitt,59538,26,0.04,0.71
37151,37,151,Randolph,57628,1,0.00,0.69
37153,37,153,Richmond,27296,137,0.50,0.33
37155,37,155,Robeson,50236,60,0.12,0.60
37163,37,163,Sampson,17826,157,0.88,0.21
37165,37,165,Scotland,19959,2,0.01,0.24
37179,37,179,Union,129529,44,0.03,1.55
37183,37,183,Wake,441103,9004,2.04,5.30
37187,37,187,Washington,7302,1,0.01,0.09
37191,37,191,Wayne,58384,56,0.10,0.70
37195,37,195,Wilson,686,11,1.60,0.01
31000,31,000,NOT_MATCHED,134,1,0.75,0.01
31001,31,001,Adams,19081,68,0.36,1.54
31003,31,003,Antelope,4925,11,0.22,0.40
31007,31,007,Banner,371,2,0.54,0.03
31011,31,011,Boone,3738,13,0.35,0.30
31013,31,013,Box Butte,7563,16,0.21,0.61
31015,31,015,Boyd,1427,1,0.07,0.12
31017,31,017,Brown,2080,5,0.24,0.17
31019,31,019,Buffalo,31537,73,0.23,2.55
31021,31,021,Burt,4925,11,0.22,0.40
31023,31,023,Butler,5418,6,0.11,0.44
31025,31,025,Cass,18827,44,0.23,1.52
31027,31,027,Cedar,5616,29,0.52,0.45
31029,31,029,Chase,2570,16,0.62,0.21
31031,31,031,Cherry,3502,6,0.17,0.28
31033,31,033,Cheyenne,6384,23,0.36,0.52
31035,31,035,Clay,4674,17,0.36,0.38
31037,31,037,Colfax,5452,11,0.20,0.44
31039,31,039,Cuming,5435,11,0.20,0.44
31041,31,041,Custer,7676,23,0.30,0.62
31043,31,043,Dakota,11251,51,0.45,0.91
31045,31,045,Dawes,5324,20,0.38,0.43
31047,31,047,Dawson,13614,34,0.25,1.10
31049,31,049,Deuel,1426,13,0.91,0.12
31051,31,051,Dixon,3862,7,0.18,0.31
31053,31,053,Dodge,23781,51,0.21,1.92
31055,31,055,Douglas,359471,1362,0.38,29.06
31057,31,057,Dundy,1146,6,0.52,0.09
31059,31,059,Fillmore,3983,23,0.58,0.32
31061,31,061,Franklin,2229,5,0.22,0.18
31063,31,063,Frontier,1763,5,0.28,0.14
31065,31,065,Furnas,3925,12,0.31,0.32
31067,31,067,Gage,14729,56,0.38,1.19
31069,31,069,Garden,1486,1,0.07,0.12
31071,31,071,Garfield,1593,4,0.25,0.13
31073,31,073,Gosper,1501,3,0.20,0.12
31075,31,075,Grant,493,1,0.20,0.04
31077,31,077,Greeley,1676,7,0.42,0.14
31079,31,079,Hall,34576,83,0.24,2.79
31081,31,081,Hamilton,6564,7,0.11,0.53
31083,31,083,Harlan,2122,9,0.42,0.17
31085,31,085,Hayes,353,3,0.85,0.03
31087,31,087,Hitchcock,2066,7,0.34,0.17
31089,31,089,Holt,7057,24,0.34,0.57
31091,31,091,Hooker,625,6,0.96,0.05
31093,31,093,Howard,4511,11,0.24,0.36
31095,31,095,Jefferson,4742,12,0.25,0.38
31097,31,097,Johnson,2872,6,0.21,0.23
31099,31,099,Kearney,4138,7,0.17,0.33
31101,31,101,Keith,5747,9,0.16,0.46
31103,31,103,Keya Paha,518,6,1.16,0.04
31105,31,105,Kimball,2688,13,0.48,0.22
31107,31,107,Knox,5904,23,0.39,0.48
31109,31,109,Lancaster,198559,471,0.24,16.05
31111,31,111,Lincoln,23636,91,0.39,1.91
31113,31,113,Logan,636,2,0.31,0.05
31119,31,119,Madison,23248,60,0.26,1.88
31121,31,121,Merrick,4839,4,0.08,0.39
31123,31,123,Morrill,3143,11,0.35,0.25
31125,31,125,Nance,2375,7,0.29,0.19
31127,31,127,Nemaha,4334,6,0.14,0.35
31129,31,129,Nuckolls,2978,6,0.20,0.24
31131,31,131,Otoe,10128,41,0.40,0.82
31133,31,133,Pawnee,1771,9,0.51,0.14
31135,31,135,Perkins,1776,10,0.56,0.14
31137,31,137,Phelps,5931,23,0.39,0.48
31139,31,139,Pierce,4477,10,0.22,0.36
31141,31,141,Platte,20921,45,0.22,1.69
31143,31,143,Polk,3221,6,0.19,0.26
31145,31,145,Red Willow,7138,32,0.45,0.58
31147,31,147,Richardson,5432,16,0.29,0.44
31149,31,149,Rock,1063,7,0.66,0.09
31151,31,151,Saline,7917,21,0.27,0.64
31153,31,153,Sarpy,121580,428,0.35,9.83
31155,31,155,Saunders,15533,31,0.20,1.26
31157,31,157,Scotts Bluff,24132,75,0.31,1.95
31159,31,159,Seward,11199,48,0.43,0.91
31161,31,161,Sheridan,3719,19,0.51,0.30
31163,31,163,Sherman,1986,6,0.30,0.16
31165,31,165,Sioux,392,3,0.77,0.03
31167,31,167,Stanton,1935,6,0.31,0.16
31169,31,169,Thayer,3730,22,0.59,0.30
31171,31,171,Thomas,623,5,0.80,0.05
31173,31,173,Thurston,4287,10,0.23,0.35
31175,31,175,Valley,2977,5,0.17,0.24
31177,31,177,Washington,13815,27,0.20,1.12
31179,31,179,Wayne,4750,16,0.34,0.38
31181,31,181,Webster,2304,1,0.04,0.19
31183,31,183,Wheeler,471,1,0.21,0.04
31185,31,185,York,9901,25,0.25,0.80
34000,34,000,NOT_MATCHED,144,5,3.47,0.00
34001,34,001,Atlantic,274358,15761,5.74,4.19
34003,34,003,Bergen,687413,33985,4.94,10.50
34005,34,005,Burlington,437078,14016,3.21,6.68
34007,34,007,Camden,410304,16209,3.95,6.27
34009,34,009,Cape May,68834,1655,2.40,1.05
34011,34,011,Cumberland,70198,2527,3.60,1.07
34013,34,013,Essex,573254,19099,3.33,8.76
34015,34,015,Gloucester,193292,6305,3.26,2.95
34017,34,017,Hudson,413664,29886,7.22,6.32
34019,34,019,Hunterdon,155771,7834,5.03,2.38
34021,34,021,Mercer,247919,11703,4.72,3.79
34023,34,023,Middlesex,593167,33749,5.69,9.06
34025,34,025,Monmouth,508070,15898,3.13,7.76
34027,34,027,Morris,439971,16617,3.78,6.72
34029,34,029,Ocean,372582,13005,3.49,5.69
34031,34,031,Passaic,332384,12248,3.68,5.08
34033,34,033,Salem,37776,584,1.55,0.58
34035,34,035,Somerset,193745,12741,6.58,2.96
34037,34,037,Sussex,118065,4544,3.85,1.80
34039,34,039,Union,364864,5886,1.61,5.57
34041,34,041,Warren,53314,3488,6.54,0.81
32000,32,000,NOT_MATCHED,20741,2409,11.61,1.01
32001,32,001,Churchill,34472,5254,15.24,1.67
32003,32,003,Clark,1452643,138862,9.56,70.49
32005,32,005,Douglas,42754,6458,15.11,2.07
32007,32,007,Elko,33080,4192,12.67,1.61
32009,32,009,Esmeralda,593,101,17.03,0.03
32011,32,011,Eureka,1219,203,16.65,0.06
32013,32,013,Humboldt,993,156,15.71,0.05
32015,32,015,Lander,3479,589,16.93,0.17
32017,32,017,Lincoln,3135,500,15.95,0.15
32019,32,019,Lyon,13937,2069,14.85,0.68
32021,32,021,Mineral,3389,662,19.53,0.16
32023,32,023,Nye,36996,5514,14.90,1.80
32027,32,027,Pershing,12763,1832,14.35,0.62
32029,32,029,Storey,14572,2069,14.20,0.71
32031,32,031,Washoe,339912,38659,11.37,16.50
32033,32,033,White Pine,5452,928,17.02,0.26
32510,32,510,Carson City,40543,5683,14.02,1.97
36001,36,001,Albany,342880,276,0.08,1.66
36003,36,003,Allegany,79234,39,0.05,0.38
36005,36,005,Bronx,1226280,385,0.03,5.93
36007,36,007,Broome,192162,281,0.15,0.93
36009,36,009,Cattaraugus,100723,30,0.03,0.49
36011,36,011,Cayuga,65084,144,0.22,0.31
36013,36,013,Chautauqua,128147,46,0.04,0.62
36015,36,015,Chemung,125354,76,0.06,0.61
36017,36,017,Chenango,42601,75,0.18,0.21
36019,36,019,Clinton,78990,65,0.08,0.38
36021,36,021,Columbia,108326,283,0.26,0.52
36023,36,023,Cortland,4864,13,0.27,0.02
36025,36,025,Delaware,37122,146,0.39,0.18
36027,36,027,Dutchess,312183,818,0.26,1.51
36029,36,029,Erie,1097637,656,0.06,5.31
36031,36,031,Essex,56472,82,0.15,0.27
36033,36,033,Franklin,42529,40,0.09,0.21
36035,36,035,Fulton,68586,86,0.13,0.33
36037,36,037,Genesee,85932,50,0.06,0.42
36039,36,039,Greene,54217,163,0.30,0.26
36041,36,041,Hamilton,10519,14,0.13,0.05
36043,36,043,Herkimer,118778,199,0.17,0.57
36045,36,045,Jefferson,73527,116,0.16,0.36
36047,36,047,Kings,2292802,623,0.03,11.09
36049,36,049,Lewis,87059,109,0.13,0.42
36051,36,051,Livingston,110768,88,0.08,0.54
36053,36,053,Madison,66170,215,0.32,0.32
36055,36,055,Monroe,631153,459,0.07,3.05
36057,36,057,Montgomery,10154,10,0.10,0.05
36059,36,059,Nassau,1668962,2635,0.16,8.07
36061,36,061,New York,1822563,791,0.04,8.81
36063,36,063,Niagara,327392,96,0.03,1.58
36065,36,065,Oneida,138837,273,0.20,0.67
36067,36,067,Onondaga,815833,1320,0.16,3.95
36069,36,069,Ontario,132283,119,0.09,0.64
36071,36,071,Orange,418375,636,0.15,2.02
36073,36,073,Orleans,54164,42,0.08,0.26
36075,36,075,Oswego,105980,487,0.46,0.51
36077,36,077,Otsego,61035,71,0.12,0.30
36079,36,079,Putnam,127250,441,0.35,0.62
36081,36,081,Queens,1980367,597,0.03,9.58
36083,36,083,Rensselaer,166557,287,0.17,0.81
36085,36,085,Richmond,445849,40,0.01,2.16
36087,36,087,Rockland,320792,653,0.20,1.55
36089,36,089,St Lawrence,87943,70,0.08,0.43
36091,36,091,Saratoga,265572,537,0.20,1.28
36093,36,093,Schenectady,266074,287,0.11,1.29
36095,36,095,Schoharie,51040,101,0.20,0.25
36097,36,097,Schuyler,37579,24,0.06,0.18
36099,36,099,Seneca,77630,120,0.15,0.38
36101,36,101,Steuben,38709,10,0.03,0.19
36103,36,103,Suffolk,1571089,2728,0.17,7.60
36105,36,105,Sullivan,85318,146,0.17,0.41
36107,36,107,Tioga,111834,243,0.22,0.54
36109,36,109,Tompkins,104687,195,0.19,0.51
36111,36,111,Ulster,262639,376,0.14,1.27
36113,36,113,Warren,99104,146,0.15,0.48
36115,36,115,Washington,60524,60,0.10,0.29
36117,36,117,Wayne,172996,117,0.07,0.84
36119,36,119,Westchester,1104316,1250,0.11,5.34
36121,36,121,Wyoming,22718,3,0.01,0.11
36123,36,123,Yates,22137,11,0.05,0.11
39000,39,000,NOT_MATCHED,8,2,25.00,0.00
39001,39,001,Adams,21574,838,3.88,0.27
39003,39,003,Allen,85507,3679,4.30,1.07
39005,39,005,Ashland,67755,2960,4.37,0.85
39007,39,007,Ashtabula,85770,3315,3.86,1.07
39009,39,009,Athens,45652,2408,5.27,0.57
39011,39,011,Auglaize,41297,1770,4.29,0.52
39013,39,013,Belmont,53413,2926,5.48,0.67
39015,39,015,Brown,43910,2031,4.63,0.55
39017,39,017,Butler,285718,12709,4.45,3.58
39019,39,019,Carroll,38005,1555,4.09,0.48
39021,39,021,Champaign,54277,2548,4.69,0.68
39023,39,023,Clark,135796,6517,4.80,1.70
39025,39,025,Clermont,197119,8151,4.14,2.47
39027,39,027,Clinton,41729,1918,4.60,0.52
39029,39,029,Columbiana,95257,3977,4.18,1.19
39031,39,031,Coshocton,45600,1827,4.01,0.57
39033,39,033,Crawford,79200,3699,4.67,0.99
39035,39,035,Cuyahoga,882191,29791,3.38,11.06
39037,39,037,Darke,53808,2064,3.84,0.67
39039,39,039,Defiance,46127,1900,4.12,0.58
39041,39,041,Delaware,370363,16450,4.44,4.64
39043,39,043,Erie,87814,3838,4.37,1.10
39045,39,045,Fairfield,153669,7052,4.59,1.93
39047,39,047,Fayette,24947,1227,4.92,0.31
39049,39,049,Franklin,739291,26877,3.64,9.27
39051,39,051,Fulton,38199,1634,4.28,0.48
39053,39,053,Gallia,26890,1132,4.21,0.34
39055,39,055,Geauga,105687,4505,4.26,1.32
39057,39,057,Greene,184672,8382,4.54,2.31
39059,39,059,Guernsey,31989,1346,4.21,0.40
39061,39,061,Hamilton,534480,16972,3.18,6.70
39063,39,063,Hancock,66270,3141,4.74,0.83
39065,39,065,Hardin,16833,810,4.81,0.21
39067,39,067,Harrison,9975,432,4.33,0.13
39069,39,069,Henry,17875,805,4.50,0.22
39071,39,071,Highland,3202,154,4.81,0.04
39073,39,073,Hocking,19196,859,4.47,0.24
39075,39,075,Holmes,14153,475,3.36,0.18
39077,39,077,Huron,8843,369,4.17,0.11
39079,39,079,Jackson,53133,2228,4.19,0.67
39081,39,081,Jefferson,39406,1835,4.66,0.49
39083,39,083,Knox,45883,1690,3.68,0.58
39085,39,085,Lake,122195,4661,3.81,1.53
39087,39,087,Lawrence,44279,2545,5.75,0.55
39089,39,089,Licking,82055,2788,3.40,1.03
39091,39,091,Logan,23347,1088,4.66,0.29
39093,39,093,Lorain,210594,7040,3.34,2.64
39095,39,095,Lucas,291580,9598,3.29,3.65
39097,39,097,Madison,5174,272,5.26,0.06
39099,39,099,Mahoning,190398,7440,3.91,2.39
39101,39,101,Marion,7102,345,4.86,0.09
39103,39,103,Medina,170128,6679,3.93,2.13
39105,39,105,Meigs,11078,439,3.96,0.14
39107,39,107,Mercer,23173,840,3.62,0.29
39109,39,109,Miami,62277,2692,4.32,0.78
39111,39,111,Monroe,9817,479,4.88,0.12
39113,39,113,Montgomery,303666,12815,4.22,3.81
39115,39,115,Morgan,10987,470,4.28,0.14
39117,39,117,Morrow,19892,920,4.62,0.25
39119,39,119,Muskingum,43711,1614,3.69,0.55
39121,39,121,Noble,5462,193,3.53,0.07
39123,39,123,Ottawa,53170,2326,4.37,0.67
39125,39,125,Paulding,12526,461,3.68,0.16
39127,39,127,Perry,15109,627,4.15,0.19
39129,39,129,Pickaway,6078,281,4.62,0.08
39131,39,131,Pike,21474,934,4.35,0.27
39133,39,133,Portage,85927,3982,4.63,1.08
39135,39,135,Preble,19655,931,4.74,0.25
39137,39,137,Putnam,13359,458,3.43,0.17
39139,39,139,Richland,34177,1479,4.33,0.43
39141,39,141,Ross,5427,198,3.65,0.07
39143,39,143,Sandusky,12903,539,4.18,0.16
39145,39,145,Scioto,35065,1344,3.83,0.44
39147,39,147,Seneca,21639,817,3.78,0.27
39149,39,149,Shelby,6162,214,3.47,0.08
39151,39,151,Stark,212627,7855,3.69,2.66
39153,39,153,Summit,346395,13090,3.78,4.34
39155,39,155,Trumbull,98329,3948,4.02,1.23
39157,39,157,Tuscarawas,39050,1478,3.78,0.49
39159,39,159,Union,429,18,4.20,0.01
39161,39,161,Van Wert,13438,552,4.11,0.17
39163,39,163,Vinton,7132,399,5.59,0.09
39165,39,165,Warren,102100,4278,4.19,1.28
39167,39,167,Washington,32762,1141,3.48,0.41
39169,39,169,Wayne,51644,1958,3.79,0.65
39171,39,171,Williams,11355,397,3.50,0.14
39173,39,173,Wood,83665,4073,4.87,1.05
39175,39,175,Wyandot,8086,338,4.18,0.10
40000,40,000,NOT_MATCHED,10421,402,3.86,0.48
40001,40,001,Adair,10156,270,2.66,0.46
40003,40,003,Alfalfa,3746,146,3.90,0.17
40005,40,005,Atoka,13002,458,3.52,0.59
40007,40,007,Beaver,3672,127,3.46,0.17
40009,40,009,Beckham,11836,447,3.78,0.54
40011,40,011,Blaine,6352,287,4.52,0.29
40013,40,013,Bryan,22232,497,2.24,1.02
40015,40,015,Caddo,16148,604,3.74,0.74
40017,40,017,Canadian,102650,3380,3.29,4.69
40019,40,019,Carter,30736,956,3.11,1.40
40021,40,021,Cherokee,35839,1198,3.34,1.64
40023,40,023,Choctaw,10439,285,2.73,0.48
40025,40,025,Cimarron,1854,67,3.61,0.08
40027,40,027,Cleveland,202900,7088,3.49,9.26
40029,40,029,Coal,3542,158,4.46,0.16
40031,40,031,Comanche,66891,1812,2.71,3.05
40033,40,033,Cotton,4135,138,3.34,0.19
40035,40,035,Craig,28332,929,3.28,1.29
40037,40,037,Creek,68984,2693,3.90,3.15
40039,40,039,Custer,19422,756,3.89,0.89
40041,40,041,Delaware,26608,760,2.86,1.21
40043,40,043,Dewey,2792,118,4.23,0.13
40045,40,045,Ellis,2436,93,3.82,0.11
40047,40,047,Garfield,34526,1229,3.56,1.58
40049,40,049,Garvin,19699,808,4.10,0.90
40051,40,051,Grady,35617,1417,3.98,1.63
40053,40,053,Grant,2680,90,3.36,0.12
40055,40,055,Greer,2630,131,4.98,0.12
40057,40,057,Harmon,1624,51,3.14,0.07
40059,40,059,Harper,991,32,3.23,0.05
40061,40,061,Haskell,7114,273,3.84,0.32
40063,40,063,Hughes,7069,276,3.90,0.32
40065,40,065,Jackson,11709,366,3.13,0.53
40067,40,067,Jefferson,2603,116,4.46,0.12
40069,40,069,Johnston,22386,853,3.81,1.02
40071,40,071,Kay,26388,788,2.99,1.20
40073,40,073,Kingfisher,5834,209,3.58,0.27
40075,40,075,Kiowa,4503,206,4.57,0.21
40077,40,077,Latimer,7683,246,3.20,0.35
40079,40,079,Le Flore,25021,638,2.55,1.14
40081,40,081,Lincoln,37124,1331,3.59,1.69
40083,40,083,Logan,62577,1788,2.86,2.86
40085,40,085,Love,5814,218,3.75,0.27
40087,40,087,McClain,15711,628,4.00,0.72
40089,40,089,McCurtain,13345,315,2.36,0.61
40091,40,091,McIntosh,20553,898,4.37,0.94
40093,40,093,Major,2988,129,4.32,0.14
40095,40,095,Marshall,8700,314,3.61,0.40
40097,40,097,Mayes,13200,466,3.53,0.60
40099,40,099,Murray,4878,204,4.18,0.22
40101,40,101,Muskogee,30371,1137,3.74,1.39
40103,40,103,Noble,17917,755,4.21,0.82
40105,40,105,Nowata,5307,164,3.09,0.24
40107,40,107,Okfuskee,5687,202,3.55,0.26
40109,40,109,Oklahoma,337564,7922,2.35,15.41
40111,40,111,Okmulgee,13214,484,3.66,0.60
40113,40,113,Osage,51222,1809,3.53,2.34
40115,40,115,Ottawa,2833,44,1.55,0.13
40117,40,117,Pawnee,6699,310,4.63,0.31
40119,40,119,Payne,18936,676,3.57,0.86
40121,40,121,Pittsburg,24264,763,3.14,1.11
40123,40,123,Pontotoc,5439,210,3.86,0.25
40125,40,125,Pottawatomie,33217,1176,3.54,1.52
40127,40,127,Pushmataha,2506,91,3.63,0.11
40129,40,129,Roger Mills,2675,93,3.48,0.12
40131,40,131,Rogers,87539,3201,3.66,4.00
40133,40,133,Seminole,9189,348,3.79,0.42
40135,40,135,Sequoyah,18664,420,2.25,0.85
40137,40,137,Stephens,17490,584,3.34,0.80
40139,40,139,Texas,7466,227,3.04,0.34
40141,40,141,Tillman,3783,146,3.86,0.17
40143,40,143,Tulsa,316125,9212,2.91,14.43
40145,40,145,Wagoner,18707,749,4.00,0.85
40147,40,147,Washington,24406,797,3.27,1.11
40149,40,149,Washita,6103,289,4.74,0.28
40151,40,151,Woods,4739,194,4.09,0.22
40153,40,153,Woodward,10123,353,3.49,0.46
42000,42,000,NOT_MATCHED,149,7,4.70,0.00
42001,42,001,Adams,123715,4754,3.84,1.42
42003,42,003,Allegheny,1055276,30980,2.94,12.12
42005,42,005,Armstrong,64810,2449,3.78,0.74
42007,42,007,Beaver,117696,4392,3.73,1.35
42009,42,009,Bedford,48779,1619,3.32,0.56
42011,42,011,Berks,330699,11314,3.42,3.80
42013,42,013,Blair,73462,2457,3.34,0.84
42015,42,015,Bradford,43530,1435,3.30,0.50
42017,42,017,Bucks,572321,20490,3.58,6.57
42019,42,019,Butler,104260,4407,4.23,1.20
42021,42,021,Cambria,88861,3202,3.60,1.02
42023,42,023,Cameron,3796,168,4.43,0.04
42025,42,025,Carbon,77173,3430,4.44,0.89
42027,42,027,Centre,110151,3932,3.57,1.26
42029,42,029,Chester,423438,14356,3.39,4.86
42031,42,031,Clarion,24911,1021,4.10,0.29
42033,42,033,Clearfield,55470,1974,3.56,0.64
42035,42,035,Clinton,26860,1126,4.19,0.31
42037,42,037,Columbia,71704,3350,4.67,0.82
42039,42,039,Crawford,94192,3399,3.61,1.08
42041,42,041,Cumberland,201207,8305,4.13,2.31
42043,42,043,Dauphin,234815,10799,4.60,2.70
42045,42,045,Delaware,388831,14135,3.64,4.46
42047,42,047,Elk,21693,710,3.27,0.25
42049,42,049,Erie,151785,4215,2.78,1.74
42051,42,051,Fayette,95477,3295,3.45,1.10
42053,42,053,Forest,4286,208,4.85,0.05
42055,42,055,Franklin,84830,2762,3.26,0.97
42057,42,057,Fulton,12016,1225,10.19,0.14
42059,42,059,Greene,23447,794,3.39,0.27
42061,42,061,Huntingdon,23377,864,3.70,0.27
42063,42,063,Indiana,48453,1968,4.06,0.56
42065,42,065,Jefferson,16326,643,3.94,0.19
42067,42,067,Juniata,31602,1195,3.78,0.36
42069,42,069,Lackawanna,175315,5835,3.33,2.01
42071,42,071,Lancaster,320063,9532,2.98,3.68
42073,42,073,Lawrence,48691,1669,3.43,0.56
42075,42,075,Lebanon,59455,2198,3.70,0.68
42077,42,077,Lehigh,256109,15889,6.20,2.94
42079,42,079,Luzerne,163350,4933,3.02,1.88
42081,42,081,Lycoming,59898,2062,3.44,0.69
42083,42,083,McKean,22850,807,3.53,0.26
42085,42,085,Mercer,56191,2031,3.61,0.65
42087,42,087,Mifflin,13876,369,2.66,0.16
42089,42,089,Monroe,117142,6459,5.51,1.35
42091,42,091,Montgomery,541931,22232,4.10,6.22
42093,42,093,Montour,8948,297,3.32,0.10
42095,42,095,Northampton,121928,3966,3.25,1.40
42097,42,097,Northumberland,42536,1185,2.79,0.49
42099,42,099,Perry,12805,505,3.94,0.15
42101,42,101,Philadelphia,995783,33775,3.39,11.43
42103,42,103,Pike,50756,2132,4.20,0.58
42105,42,105,Potter,10898,499,4.58,0.13
42107,42,107,Schuylkill,74388,3564,4.79,0.85
42109,42,109,Snyder,26552,1055,3.97,0.30
42111,42,111,Somerset,37451,1233,3.29,0.43
42113,42,113,Sullivan,1181,56,4.74,0.01
42115,42,115,Susquehanna,27509,989,3.60,0.32
42117,42,117,Tioga,20201,643,3.18,0.23
42119,42,119,Union,18306,855,4.67,0.21
42121,42,121,Venango,22723,880,3.87,0.26
42123,42,123,Warren,23034,719,3.12,0.26
42125,42,125,Washington,121040,4494,3.71,1.39
42127,42,127,Wayne,8343,313,3.75,0.10
42129,42,129,Westmoreland,138331,4633,3.35,1.59
42131,42,131,Wyoming,9877,720,7.29,0.11
42133,42,133,York,252295,6922,2.74,2.90
44000,44,000,NOT_MATCHED,41,2,4.88,0.01
44001,44,001,Bristol,40292,1072,2.66,5.00
44003,44,003,Kent,131438,3420,2.60,16.30
44005,44,005,Newport,65125,1963,3.01,8.08
44007,44,007,Providence,462544,12133,2.62,57.36
44009,44,009,Washington,106963,3010,2.81,13.26
50000,50,000,NOT_MATCHED,234,8,3.42,0.05
50001,50,001,Addison,20765,808,3.89,4.20
50003,50,003,Bennington,23339,919,3.94,4.72
50005,50,005,Caledonia,17824,567,3.18,3.60
50007,50,007,Chittenden,106217,2719,2.56,21.48
50009,50,009,Essex,3317,152,4.58,0.67
50011,50,011,Franklin,25849,718,2.78,5.23
50013,50,013,Grand Isle,5627,186,3.31,1.14
50015,50,015,Lamoille,17298,681,3.94,3.50
50017,50,017,Orange,15615,479,3.07,3.16
50019,50,019,Orleans,17138,747,4.36,3.47
50021,50,021,Rutland,34600,1671,4.83,7.00
50023,50,023,Washington,32253,902,2.80,6.52
50025,50,025,Windham,22496,722,3.21,4.55
50027,50,027,Windsor,151918,6289,4.14,30.72
53000,53,000,NOT_MATCHED,76,5,6.58,0.00
53001,53,001,Adams,9090,157,1.73,0.18
53003,53,003,Asotin,16466,480,2.92,0.32
53005,53,005,Benton,132025,2921,2.21,2.57
53007,53,007,Chelan,52948,1457,2.75,1.03
53009,53,009,Clallam,60951,1992,3.27,1.19
53011,53,011,Clark,348741,9242,2.65,6.80
53013,53,013,Columbia,2835,108,3.81,0.06
53015,53,015,Cowlitz,78827,2168,2.75,1.54
53017,53,017,Douglas,27117,633,2.33,0.53
53019,53,019,Ferry,4623,164,3.55,0.09
53021,53,021,Franklin,44429,747,1.68,0.87
53023,53,023,Garfield,1862,76,4.08,0.04
53025,53,025,Grant,50437,1160,2.30,0.98
53027,53,027,Grays Harbor,45585,1410,3.09,0.89
53029,53,029,Island,66410,1814,2.73,1.29
53031,53,031,Jefferson,28136,793,2.82,0.55
53033,53,033,King,1470010,33634,2.29,28.66
53035,53,035,Kitsap,199509,5362,2.69,3.89
53037,53,037,Kittitas,32168,826,2.57,0.63
53039,53,039,Klickitat,17478,461,2.64,0.34
53041,53,041,Lewis,58664,1643,2.80,1.14
53043,53,043,Lincoln,6731,155,2.30,0.13
53045,53,045,Mason,52800,1343,2.54,1.03
53047,53,047,Okanogan,26487,809,3.05,0.52
53049,53,049,Pacific,17484,592,3.39,0.34
53051,53,051,Pend Oreille,10260,274,2.67,0.20
53053,53,053,Pierce,595510,14506,2.44,11.61
53055,53,055,San Juan,15141,415,2.74,0.30
53057,53,057,Skagit,72917,1844,2.53,1.42
53059,53,059,Skamania,6266,100,1.60,0.12
53061,53,061,Snohomish,560281,11712,2.09,10.92
53063,53,063,Spokane,386282,8262,2.14,7.53
53065,53,065,Stevens,29768,796,2.67,0.58
53067,53,067,Thurston,212322,5254,2.47,4.14
53069,53,069,Wahkiakum,3472,114,3.28,0.07
53071,53,071,Walla Walla,39689,1257,3.17,0.77
53073,53,073,Whatcom,183224,4606,2.51,3.57
53075,53,075,Whitman,27742,920,3.32,0.54
53077,53,077,Yakima,133797,2795,2.09,2.61
54000,54,000,NOT_MATCHED,5052,85,1.68,0.45
54001,54,001,Barbour,42456,1115,2.63,3.77
54003,54,003,Berkeley,89667,2284,2.55,7.97
54005,54,005,Boone,19707,443,2.25,1.75
54007,54,007,Braxton,9795,271,2.77,0.87
54009,54,009,Brooke,52787,1793,3.40,4.69
54011,54,011,Cabell,65460,1815,2.77,5.82
54013,54,013,Calhoun,9069,269,2.97,0.81
54015,54,015,Clay,7584,168,2.22,0.67
54017,54,017,Doddridge,9347,224,2.40,0.83
54019,54,019,Fayette,29600,807,2.73,2.63
54021,54,021,Gilmer,2515,96,3.82,0.22
54023,54,023,Grant,10167,240,2.36,0.90
54025,54,025,Greenbrier,23985,784,3.27,2.13
54027,54,027,Hampshire,16490,426,2.58,1.47
54029,54,029,Hancock,7371,178,2.41,0.66
54031,54,031,Hardy,7472,216,2.89,0.66
54033,54,033,Harrison,59649,1500,2.51,5.30
54035,54,035,Jackson,24342,651,2.67,2.16
54037,54,037,Jefferson,29933,953,3.18,2.66
54039,54,039,Kanawha,115787,3277,2.83,10.29
54041,54,041,Lewis,6888,156,2.26,0.61
54043,54,043,Lincoln,9558,239,2.50,0.85
54045,54,045,Logan,18750,456,2.43,1.67
54047,54,047,McDowell,11112,148,1.33,0.99
54049,54,049,Marion,18674,502,2.69,1.66
54051,54,051,Marshall,22040,576,2.61,1.96
54053,54,053,Mason,15373,412,2.68,1.37
54055,54,055,Mercer,35919,958,2.67,3.19
54057,54,057,Mineral,14644,397,2.71,1.30
54059,54,059,Mingo,12216,109,0.89,1.09
54061,54,061,Monongalia,60039,1797,2.99,5.34
54063,54,063,Monroe,7561,211,2.79,0.67
54065,54,065,Morgan,8973,275,3.06,0.80
54067,54,067,Nicholas,13256,331,2.50,1.18
54069,54,069,Ohio,2109,63,2.99,0.19
54071,54,071,Pendleton,4291,137,3.19,0.38
54073,54,073,Pleasants,6201,163,2.63,0.55
54075,54,075,Pocahontas,5152,151,2.93,0.46
54077,54,077,Preston,17118,473,2.76,1.52
54079,54,079,Putnam,34434,924,2.68,3.06
54081,54,081,Raleigh,48219,1216,2.52,4.29
54083,54,083,Randolph,8184,196,2.39,0.73
54085,54,085,Ritchie,3610,110,3.05,0.32
54087,54,087,Roane,2733,67,2.45,0.24
54089,54,089,Summers,1797,53,2.95,0.16
54091,54,091,Taylor,210,10,4.76,0.02
54093,54,093,Tucker,1993,129,6.47,0.18
54095,54,095,Tyler,6737,274,4.07,0.60
54097,54,097,Upshur,2672,55,2.06,0.24
54099,54,099,Wayne,15975,433,2.71,1.42
54101,54,101,Webster,4655,126,2.71,0.41
54103,54,103,Wetzel,2272,57,2.51,0.20
54105,54,105,Wirt,1474,25,1.70,0.13
54107,54,107,Wood,48437,1345,2.78,4.31
54109,54,109,Wyoming,13440,249,1.85,1.19
56001,56,001,Albany,18693,100,0.53,6.69
56003,56,003,Big Horn,5884,61,1.04,2.10
56005,56,005,Campbell,19576,153,0.78,7.00
56007,56,007,Carbon,6785,1,0.01,2.43
56009,56,009,Converse,7015,60,0.86,2.51
56011,56,011,Crook,4183,22,0.53,1.50
56013,56,013,Fremont,18366,180,0.98,6.57
56015,56,015,Goshen,6315,57,0.90,2.26
56017,56,017,Hot Springs,2621,42,1.60,0.94
56019,56,019,Johnson,4894,36,0.74,1.75
56021,56,021,Laramie,45175,377,0.83,16.16
56023,56,023,Lincoln,10631,65,0.61,3.80
56025,56,025,Natrona,35295,277,0.78,12.62
56027,56,027,Niobrara,1343,17,1.27,0.48
56029,56,029,Park,16919,140,0.83,6.05
56031,56,031,Platte,5074,63,1.24,1.81
56033,56,033,Sheridan,16802,125,0.74,6.01
56035,56,035,Sublette,5082,18,0.35,1.82
56037,56,037,Sweetwater,16761,140,0.84,5.99
56039,56,039,Teton,14997,60,0.40,5.36
56041,56,041,Uinta,9490,9,0.09,3.39
56043,56,043,Washakie,4072,16,0.39,1.46
56045,56,045,Weston,3558,28,0.79,1.27