id,FIPS_State,FIPS_County,County,Prev,Dropped,count
2013,2,13,Aleutians East,1286,51,3.97
2016,2,16,Aleutians West,1847,72,3.90
2020,2,20,Anchorage,222967,7703,3.45
2050,2,50,Bethel,9583,281,2.93
2060,2,60,Bristol Bay,685,18,2.63
2068,2,68,Denali,1574,66,4.19
2070,2,70,Dillingham,2729,113,4.14
2090,2,90,Fairbanks North Star,66793,2742,4.11
2100,2,100,Haines,1773,75,4.23
2110,2,110,Juneau,24511,899,3.67
2122,2,122,Kenai Peninsula,41056,1311,3.19
2130,2,130,Ketchikan Gateway,10399,370,3.56
2150,2,150,Kodiak Island,8330,334,4.01
2164,2,164,Lake and Peninsula,936,27,2.88
2170,2,170,Matanuska-Susitna,74324,1993,2.68
2180,2,180,Nome,5420,180,3.32
2185,2,185,North Slope,3969,158,3.98
2188,2,188,Northwest Arctic,3965,152,3.83
2220,2,220,Sitka,6567,221,3.37
2240,2,240,Southeast Fairbanks,4053,141,3.48
2261,2,261,Valdez-Cordova,773,31,4.01
2270,2,270,Wade Hampton,2928,78,2.66
2280,2,280,Wrangell-Petersburg,1530,38,2.48
2282,2,282,Yakutat,356,8,2.25
2290,2,290,Yukon-Koyukuk,2858,117,4.09
5000,5,0,NOT_MATCHED,259,,0.00
5001,5,1,Arkansas,10564,7,0.07
5003,5,3,Ashley,10341,1600,15.47
5005,5,5,Baxter,30204,304,1.01
5007,5,7,Benton,159386,932,0.58
5009,5,9,Boone,26476,2289,8.65
5011,5,11,Bradley,5404,1380,25.54
5013,5,13,Calhoun,2827,219,7.75
5015,5,15,Carroll,16556,367,2.22
5017,5,17,Chicot,6333,2294,36.22
5019,5,19,Clark,11521,176,1.53
5021,5,21,Clay,6771,410,6.06
5023,5,23,Cleburne,17783,536,3.01
5025,5,25,Cleveland,4420,425,9.62
5027,5,27,Columbia,12492,153,1.22
5029,5,29,Conway,9901,1383,13.97
5031,5,31,Craighead,55255,140,0.25
5033,5,33,Crawford,34044,877,2.58
5035,5,35,Crittenden,32797,2136,6.51
5037,5,37,Cross,11365,768,6.76
5039,5,39,Dallas,4478,935,20.88
5041,5,41,Desha,7522,627,8.34
5043,5,43,Drew,11355,144,1.27
5045,5,45,Faulkner,72780,977,1.34
5047,5,47,Franklin,12688,1158,9.13
5049,5,49,Fulton,6041,308,5.10
5051,5,51,Garland,57601,402,0.70
5053,5,53,Grant,10391,4946,47.60
5055,5,55,Greene,22377,1181,5.28
5057,5,57,Hempstead,7078,616,8.70
5059,5,59,Hot Spring,18119,138,0.76
5061,5,61,Howard,7773,1195,15.37
5063,5,63,Independence,20930,162,0.77
5065,5,65,Izard,7398,1700,22.98
5067,5,67,Jackson,6840,176,2.57
5069,5,69,Jefferson,36739,222,0.60
5071,5,71,Johnson,11650,774,6.64
5073,5,73,Lafayette,5374,479,8.91
5075,5,75,Lawrence,6909,611,8.84
5077,5,77,Lee,3547,129,3.64
5079,5,79,Lincoln,4644,87,1.87
5081,5,81,Little River,6952,158,2.27
5083,5,83,Logan,7470,170,2.28
5085,5,85,Lonoke,45798,108,0.24
5087,5,87,Madison,9466,852,9.00
5089,5,89,Marion,10219,198,1.94
5091,5,91,Miller,25384,312,1.23
5093,5,93,Mississippi,21355,487,2.28
5095,5,95,Monroe,5558,2013,36.22
5097,5,97,Montgomery,6513,466,7.15
5099,5,99,Nevada,5633,373,6.62
5101,5,101,Newton,5106,163,3.19
5103,5,103,Ouachita,16582,607,3.66
5105,5,105,Perry,6850,1501,21.91
5107,5,107,Phillips,9683,384,3.97
5109,5,109,Pike,5125,113,2.20
5111,5,111,Poinsett,11917,262,2.20
5113,5,113,Polk,12265,1079,8.80
5115,5,115,Pope,35889,370,1.03
5117,5,117,Prairie,3999,746,18.65
5119,5,119,Pulaski,267466,109,0.04
5121,5,121,Randolph,10508,29875,284.31
5123,5,123,St Francis,9623,229,2.38
5125,5,125,Saline,78639,1751,2.23
5127,5,127,Scott,4077,1987,48.74
5129,5,129,Searcy,4801,148,3.08
5131,5,131,Sebastian,72620,115,0.16
5133,5,133,Sevier,6880,1605,23.33
5135,5,135,Sharp,13837,207,1.50
5137,5,137,Stone,8374,464,5.54
5139,5,139,Union,28093,301,1.07
5141,5,141,Van Buren,11755,2766,23.53
5143,5,143,Washington,139669,465,0.33
5145,5,145,White,44737,1993,4.45
5147,5,147,Woodruff,4143,970,23.41
5149,5,149,Yell,9862,544,5.52
4001,4,1,Apache,5852,190,3.25
4003,4,3,Cochise,9828,,0.00
4005,4,5,Coconino,10725,5637,52.56
4007,4,7,Gila,3837,9537,248.55
4009,4,9,Graham,2814,9459,336.14
4011,4,11,Greenlee,616,3522,571.75
4012,4,12,La Paz,1819,2746,150.96
4013,4,13,Maricopa,332998,603,0.18
4015,4,15,Mohave,20343,1790,8.80
4017,4,17,Navajo,8234,66906,812.56
4019,4,19,Pima,75556,20147,26.66
4021,4,21,Pinal,21536,2050,9.52
4023,4,23,Santa Cruz,3071,11761,382.97
4025,4,25,Yavapai,18458,5115,27.71
4027,4,27,Yuma,11800,477,4.04
6000,6,0,NOT_MATCHED,883,3707,419.82
6001,6,1,Alameda,950880,2242,0.24
6003,6,3,Alpine,857,,0.00
6005,6,5,Amador,26171,146,0.56
6007,6,7,Butte,125565,50557,40.26
6009,6,9,Calaveras,32318,101,0.31
6011,6,11,Colusa,9769,1792,18.34
6013,6,13,Contra Costa,701153,8228,1.17
6015,6,15,Del Norte,14803,2377,16.06
6017,6,17,El Dorado,137874,525,0.38
6019,6,19,Fresno,508286,32562,6.41
6021,6,21,Glenn,15246,1324,8.68
6023,6,23,Humboldt,86111,7133,8.28
6025,6,25,Imperial,90519,33183,36.66
6027,6,27,Inyo,11884,931,7.83
6029,6,29,Kern,445313,4632,1.04
6031,6,31,Kings,60903,6787,11.14
6033,6,33,Lake,37398,921,2.46
6035,6,35,Lassen,17309,38411,221.91
6037,6,37,Los Angeles,5681014,3700,0.07
6039,6,39,Madera,69369,2202,3.17
6041,6,41,Marin,173438,1477,0.85
6043,6,43,Mariposa,12951,362129,2796.15
6045,6,45,Mendocino,54742,3329,6.08
6047,6,47,Merced,122135,9871,8.08
6049,6,49,Modoc,5671,1318,23.24
6051,6,51,Mono,7087,3884,54.80
6053,6,53,Monterey,205696,7437,3.62
6055,6,55,Napa,85205,412,0.48
6057,6,57,Nevada,85253,481,0.56
6059,6,59,Orange,1803881,12777,0.71
6061,6,61,Placer,264577,4784,1.81
6063,6,63,Plumas,12972,4983,38.41
6065,6,65,Riverside,1280963,80923,6.32
6067,6,67,Sacramento,865635,15227,1.76
6069,6,69,San Benito,35797,945,2.64
6071,6,71,San Bernardino,1137705,74611,6.56
6073,6,73,San Diego,1959559,48358,2.47
6075,6,75,San Francisco,508076,1897,0.37
6077,6,77,San Joaquin,378481,67074,17.72
6079,6,79,San Luis Obispo,185358,143187,77.25
6081,6,81,San Mateo,428540,37488,8.75
6083,6,83,Santa Barbara,239003,18197,7.61
6085,6,85,Santa Clara,1026574,11365,1.11
6087,6,87,Santa Cruz,171429,20972,12.23
6089,6,89,Shasta,107309,14280,13.31
6091,6,91,Sierra,2464,51662,2096.67
6093,6,93,Siskiyou,28907,9032,31.25
6095,6,95,Solano,263330,6650,2.53
6097,6,97,Sonoma,304034,141,0.05
6099,6,99,Stanislaus,284978,2207,0.77
6101,6,101,Sutter,52367,18659,35.63
6103,6,103,Tehama,41325,15012,36.33
6105,6,105,Trinity,7441,16588,222.93
6107,6,107,Tulare,203233,3005,1.48
6109,6,109,Tuolumne,34729,2070,5.96
6111,6,111,Ventura,512042,717,0.14
6113,6,113,Yolo,122002,11145,9.14
6115,6,115,Yuba,40138,2570,6.40
8001,8,1,Adams,319054,27149,8.51
8003,8,3,Alamosa,10786,7322,67.88
8005,8,5,Arapahoe,420926,2962,0.70
8007,8,7,Archuleta,12074,,0.00
8009,8,9,Baca,2823,5881,208.32
8011,8,11,Bent,2958,246,8.32
8013,8,13,Boulder,256948,7931,3.09
8014,8,14,Broomfield,1,265,26500.00
8015,8,15,Chaffee,16951,90,0.53
8017,8,17,Cheyenne,1281,95,7.42
8019,8,19,Clear Creek,4824,5169,107.15
8021,8,21,Conejos,5632,299,5.31
8023,8,23,Costilla,2824,34,1.20
8025,8,25,Crowley,2297,122,5.31
8027,8,27,Custer,4554,160,3.51
8029,8,29,Delta,24216,62,0.26
8031,8,31,Denver,503606,73,0.01
8033,8,33,Dolores,1761,125,7.10
8035,8,35,Douglas,274703,660,0.24
8037,8,37,Eagle,35885,8002,22.30
8039,8,39,Elbert,15723,52,0.33
8041,8,41,El Paso,509126,6006,1.18
8043,8,43,Fremont,32283,677,2.10
8045,8,45,Garfield,43509,374,0.86
8047,8,47,Gilpin,5136,10318,200.90
8049,8,49,Grand,12908,973,7.54
8051,8,51,Gunnison,13878,749,5.40
8053,8,53,Hinsdale,649,120,18.49
8055,8,55,Huerfano,5744,308,5.36
8057,8,57,Jackson,1075,244,22.70
8059,8,59,Jefferson,479805,29,0.01
8061,8,61,Kiowa,1076,176,16.36
8063,8,63,Kit Carson,5023,31,0.62
8065,8,65,Lake,5707,9758,170.98
8067,8,67,La Plata,47316,27,0.06
8069,8,69,Larimer,264743,100,0.04
8071,8,71,Las Animas,11490,59,0.51
8073,8,73,Lincoln,3353,688,20.52
8075,8,75,Logan,12983,5386,41.49
8077,8,77,Mesa,116484,255,0.22
8079,8,79,Mineral,952,67,7.04
8081,8,81,Moffat,9418,369,3.92
8083,8,83,Montezuma,20924,2955,14.12
8085,8,85,Montrose,31036,23,0.07
8087,8,87,Morgan,18311,220,1.20
8089,8,89,Otero,13341,428,3.21
8091,8,91,Ouray,3989,735,18.43
8093,8,93,Park,17755,360,2.03
8095,8,95,Phillips,3158,300,9.50
8097,8,97,Pitkin,12467,83,0.67
8099,8,99,Prowers,7741,368,4.75
8101,8,101,Pueblo,117711,73,0.06
8103,8,103,Rio Blanco,4711,185,3.93
8105,8,105,Rio Grande,8519,195,2.29
8107,8,107,Routt,20967,2892,13.79
8109,8,109,Saguache,4668,100,2.14
8111,8,111,San Juan,728,155,21.29
8113,8,113,San Miguel,6586,380,5.77
8115,8,115,Sedgwick,1817,112,6.16
8117,8,117,Summit,24496,11,0.04
8119,8,119,Teller,21707,98,0.45
8121,8,121,Washington,3208,39,1.22
8123,8,123,Weld,207579,434,0.21
8125,8,125,Yuma,6013,619,10.29
9000,9,0,NOT_MATCHED,15598,94,0.60
9001,9,1,Fairfield,619994,3827,0.62
9003,9,3,Hartford,635104,130,0.02
9005,9,5,Litchfield,136816,,0.00
9007,9,7,Middlesex,153873,233,0.15
9009,9,9,New Haven,551087,6797,1.23
9011,9,11,New London,172350,10304,5.98
9013,9,13,Tolland,97795,1853,1.89
9015,9,15,Windham,84308,1707,2.02
10001,10,1,Kent,148822,8304,5.58
10003,10,3,New Castle,428111,1989,0.46
10005,10,5,Sussex,172794,1264,0.73
12001,12,1,Alachua,214986,934,0.43
12003,12,3,Baker,22852,,0.00
12005,12,5,Bay,144558,3664,2.53
12007,12,7,Bradford,33073,9053,27.37
12009,12,9,Brevard,479077,4236,0.88
12011,12,11,Broward,1304572,,0.00
12013,12,13,Calhoun,12380,5969,48.21
12015,12,15,Charlotte,200439,479,0.24
12017,12,17,Citrus,143499,4412,3.07
12019,12,19,Clay,157968,1033,0.65
12021,12,21,Collier,274828,12781,4.65
12023,12,23,Columbia,49900,24428,48.95
12027,12,27,De Soto,15067,360,2.39
12029,12,29,Dixie,15625,8488,54.32
12031,12,31,Duval,744509,4888,0.66
12033,12,33,Escambia,248261,4231,1.70
12035,12,35,Flagler,163626,5811,3.55
12037,12,37,Franklin,11422,1625,14.23
12039,12,39,Gadsden,32007,1037,3.24
12041,12,41,Gilchrist,12092,520,4.30
12043,12,43,Glades,31805,16654,52.36
12045,12,45,Gulf,4752,7835,164.88
12047,12,47,Hamilton,6999,4929,70.42
12049,12,49,Hardee,12816,350,2.73
12051,12,51,Hendry,25131,1685,6.70
12053,12,53,Hernando,146558,285,0.19
12055,12,55,Highlands,68389,981,1.43
12057,12,57,Hillsborough,1050435,274,0.03
12059,12,59,Holmes,17865,206,1.15
12061,12,61,Indian River,125926,379,0.30
12063,12,63,Jackson,23575,623,2.64
12065,12,65,Jefferson,13143,4407,33.53
12067,12,67,Lafayette,3581,2211,61.74
12069,12,69,Lake,404355,20079,4.97
12071,12,71,Lee,478992,632,0.13
12073,12,73,Leon,225311,3301,1.47
12075,12,75,Levy,33322,706,2.12
12077,12,77,Liberty,4593,383,8.34
12079,12,79,Madison,10193,95,0.93
12081,12,81,Manatee,294304,10918,3.71
12083,12,83,Marion,311330,10293,3.31
12085,12,85,Martin,188560,4448,2.36
12086,12,86,Miami-Dade,1585833,965,0.06
12087,12,87,Monroe,62495,91,0.15
12089,12,89,Nassau,77513,332,0.43
12091,12,91,Okaloosa,166367,8110,4.87
12093,12,93,Okeechobee,9237,11073,119.88
12095,12,95,Orange,904195,4264,0.47
12097,12,97,Osceola,298598,30890,10.35
12099,12,99,Palm Beach,973003,1692,0.17
12101,12,101,Pasco,368464,2258,0.61
12103,12,103,Pinellas,737142,4266,0.58
12105,12,105,Polk,398429,227,0.06
12107,12,107,Putnam,44064,17269,39.19
12109,12,109,St Johns,139372,5339,3.83
12111,12,111,St Lucie,233308,19324,8.28
12113,12,113,Santa Rosa,148546,10172,6.85
12115,12,115,Sarasota,336610,17869,5.31
12117,12,117,Seminole,311907,9011,2.89
12119,12,119,Sumter,24913,1263,5.07
12121,12,121,Suwannee,23349,3156,13.52
12123,12,123,Taylor,11917,5156,43.27
12125,12,125,Union,1,4201,420100.00
12127,12,127,Volusia,361880,10377,2.87
12129,12,129,Wakulla,20506,4928,24.03
12131,12,131,Walton,56025,906,1.62
12133,12,133,Washington,12856,1189,9.25
13000,13,0,NOT_MATCHED,3387,291,8.59
13001,13,1,Appling,11618,9936,85.52
13003,13,3,Atkinson,3613,409,11.32
13005,13,5,Bacon,6811,4180,61.37
13007,13,7,Baker,3069,380,12.38
13009,13,9,Baldwin,26905,,0.00
13011,13,11,Banks,39602,1170,2.95
13013,13,13,Barrow,66034,390,0.59
13015,13,15,Bartow,79949,139,0.17
13017,13,17,Ben Hill,12459,282,2.26
13019,13,19,Berrien,13424,131,0.98
13021,13,21,Bibb,120118,973,0.81
13023,13,23,Bleckley,851,1325,155.70
13025,13,25,Brantley,11039,1996,18.08
13027,13,27,Brooks,8776,3101,35.34
13029,13,29,Bryan,37419,427,1.14
13031,13,31,Bulloch,46085,568,1.23
13033,13,33,Burke,15134,5016,33.14
13035,13,35,Butts,22021,25,0.11
13037,13,37,Calhoun,1796,407,22.66
13039,13,39,Camden,41515,376,0.91
13043,13,43,Candler,6341,1790,28.23
13045,13,45,Carroll,87024,1943,2.23
13047,13,47,Catoosa,59092,457,0.77
13049,13,49,Charlton,7452,703,9.43
13051,13,51,Chatham,233006,81,0.03
13053,13,53,Chattahoochee,6767,2707,40.00
13055,13,55,Chattooga,14852,187,1.26
13057,13,57,Cherokee,215438,3019,1.40
13059,13,59,Clarke,84207,2779,3.30
13061,13,61,Clay,1810,471,26.02
13063,13,63,Clayton,198603,13071,6.58
13065,13,65,Clinch,4568,440,9.63
13067,13,67,Cobb,612140,596,0.10
13069,13,69,Coffee,28095,8563,30.48
13071,13,71,Colquitt,32846,4448,13.54
13073,13,73,Columbia,129295,99,0.08
13075,13,75,Cook,9600,7686,80.06
13077,13,77,Coweta,112214,183,0.16
13079,13,79,Crawford,3965,25665,647.29
13081,13,81,Crisp,12526,1061,8.47
13083,13,83,Dade,10709,1258,11.75
13085,13,85,Dawson,25364,6993,27.57
13087,13,87,Decatur,17806,349,1.96
13089,13,89,De Kalb,622272,4721,0.76
13091,13,91,Dodge,21499,167,0.78
13093,13,93,Dooly,6358,422,6.64
13095,13,95,Dougherty,73229,475,0.65
13097,13,97,Douglas,111623,934,0.84
13099,13,99,Early,8410,836,9.94
13101,13,101,Echols,540,25291,4683.52
13103,13,103,Effingham,45386,749,1.65
13105,13,105,Elbert,13886,231,1.66
13107,13,107,Emanuel,11780,3617,30.70
13109,13,109,Evans,6950,4947,71.18
13111,13,111,Fannin,22802,456,2.00
13113,13,113,Fayette,99731,20,0.02
13115,13,115,Floyd,61013,1883,3.09
13117,13,117,Forsyth,188721,518,0.27
13119,13,119,Franklin,15475,447,2.89
13121,13,121,Fulton,856634,229,0.03
13123,13,123,Gilmer,21680,1028,4.74
13125,13,125,Glascock,2296,4705,204.92
13127,13,127,Glynn,67030,2807,4.19
13129,13,129,Gordon,31993,7733,24.17
13131,13,131,Grady,14259,632,4.43
13133,13,133,Greene,15203,42391,278.83
13135,13,135,Gwinnett,579445,1085,0.19
13137,13,137,Habersham,27272,79,0.29
13139,13,139,Hall,147719,4006,2.71
13141,13,141,Hancock,6234,1135,18.21
13143,13,143,Haralson,15708,567,3.61
13145,13,145,Harris,29557,807,2.73
13147,13,147,Hart,16305,20230,124.07
13149,13,149,Heard,8988,1056,11.75
13151,13,151,Henry,161459,5180,3.21
13153,13,153,Houston,113087,257,0.23
13155,13,155,Irwin,5029,574,11.41
13157,13,157,Jackson,42085,1074,2.55
13159,13,159,Jasper,10832,727,6.71
13161,13,161,Jeff Davis,9225,322,3.49
13163,13,163,Jefferson,12112,5379,44.41
13165,13,165,Jenkins,6836,5287,77.34
13167,13,167,Johnson,7425,205,2.76
13169,13,169,Jones,12288,1551,12.62
13171,13,171,Lamar,12785,371,2.90
13173,13,173,Lanier,4808,383,7.97
13175,13,175,Laurens,33265,423,1.27
13177,13,177,Lee,22128,268,1.21
13179,13,179,Liberty,44856,199,0.44
13181,13,181,Lincoln,7601,332,4.37
13183,13,183,Long,8603,431,5.01
13185,13,185,Lowndes,88439,257,0.29
13187,13,187,Lumpkin,19614,1051,5.36
13189,13,189,McDuffie,15734,881,5.60
13191,13,191,McIntosh,9881,2133,21.59
13193,13,193,Macon,7022,275,3.92
13195,13,195,Madison,17487,378,2.16
13197,13,197,Marion,3424,4648,135.75
13199,13,199,Meriwether,14215,720,5.07
13201,13,201,Miller,5086,497,9.77
13205,13,205,Mitchell,14126,502,3.55
13207,13,207,Monroe,17145,259,1.51
13209,13,209,Montgomery,3747,486,12.97
13211,13,211,Morgan,15179,135,0.89
13213,13,213,Murray,22665,502,2.21
13215,13,215,Muscogee,138124,202,0.15
13217,13,217,Newton,87080,485,0.56
13219,13,219,Oconee,29801,561,1.88
13221,13,221,Oglethorpe,16595,127,0.77
13223,13,223,Paulding,104730,485,0.46
13225,13,225,Peach,26884,691,2.57
13227,13,227,Pickens,28927,6123,21.17
13229,13,229,Pierce,13329,2724,20.44
13231,13,231,Pike,14857,1060,7.13
13233,13,233,Polk,34995,626,1.79
13235,13,235,Pulaski,7930,4277,53.93
13237,13,237,Putnam,15874,960,6.05
13239,13,239,Quitman,2154,1307,60.68
13241,13,241,Rabun,13571,582,4.29
13243,13,243,Randolph,4510,413,9.16
13245,13,245,Richmond,147580,1136,0.77
13247,13,247,Rockdale,68833,489,0.71
13249,13,249,Schley,6214,698,11.23
13251,13,251,Screven,9908,115,1.16
13253,13,253,Seminole,5548,683,12.31
13255,13,255,Spalding,48705,169,0.35
13257,13,257,Stephens,18634,7194,38.61
13259,13,259,Stewart,3391,3129,92.27
13261,13,261,Sumter,18525,234,1.26
13263,13,263,Talbot,2779,331,11.91
13265,13,265,Taliaferro,1275,161,12.63
13267,13,267,Tattnall,14040,1990,14.17
13269,13,269,Taylor,5244,905,17.26
13271,13,271,Telfair,4385,124,2.83
13273,13,273,Terrell,6719,613,9.12
13275,13,275,Thomas,31773,84,0.26
13277,13,277,Tift,27809,53,0.19
13279,13,279,Toombs,20306,549,2.70
13281,13,281,Towns,11903,135,1.13
13283,13,283,Treutlen,4052,152,3.75
13285,13,285,Troup,49553,252,0.51
13287,13,287,Turner,5678,1675,29.50
13289,13,289,Twiggs,15289,936,6.12
13291,13,291,Union,20379,671,3.29
13293,13,293,Upson,18065,474,2.62
13295,13,295,Walker,39306,160,0.41
13297,13,297,Walton,44488,2159,4.85
13299,13,299,Ware,23988,224,0.93
13301,13,301,Warren,3804,558,14.67
13303,13,303,Washington,13254,1154,8.71
13305,13,305,Wayne,19334,636,3.29
13307,13,307,Webster,1607,1623,101.00
13309,13,309,Wheeler,4289,1496,34.88
13311,13,311,White,22108,1030,4.66
13313,13,313,Whitfield,63749,104,0.16
13315,13,315,Wilcox,4457,408,9.15
13317,13,317,Wilkes,6134,857,13.97
13319,13,319,Wilkinson,8816,43,0.49
13321,13,321,Worth,12552,160,1.27
19000,19,0,NOT_MATCHED,99,946,955.56
19001,19,1,Adair,6197,2105,33.97
19003,19,3,Adams,2596,187,7.20
19005,19,5,Allamakee,8228,275,3.34
19007,19,7,Appanoose,8882,238,2.68
19009,19,9,Audubon,3811,505,13.25
19011,19,11,Benton,14040,,0.00
19013,19,13,Black Hawk,86842,5,0.01
19015,19,15,Boone,38504,143,0.37
19017,19,17,Bremer,17886,58,0.32
19019,19,19,Buchanan,15205,124,0.82
19021,19,21,Buena Vista,12250,221,1.80
19023,19,23,Butler,11413,92,0.81
19025,19,25,Calhoun,6289,237,3.77
19027,19,27,Carroll,12537,1658,13.22
19029,19,29,Cass,10933,609,5.57
19031,19,31,Cedar,11803,335,2.84
19033,19,33,Cerro Gordo,32816,273,0.83
19035,19,35,Cherokee,8233,201,2.44
19037,19,37,Chickasaw,8426,200,2.37
19039,19,39,Clarke,5727,146,2.55
19041,19,41,Clay,11588,231,1.99
19043,19,43,Clayton,14312,253,1.77
19045,19,45,Clinton,33998,235,0.69
19047,19,47,Crawford,9818,711,7.24
19049,19,49,Dallas,78919,213,0.27
19051,19,51,Davis,5204,175,3.36
19053,19,53,Decatur,5058,118,2.33
19055,19,55,Delaware,9061,234,2.58
19057,19,57,Des Moines,27786,294,1.06
19059,19,59,Dickinson,14132,771,5.46
19061,19,61,Dubuque,68416,154,0.23
19063,19,63,Emmet,6803,1291,18.98
19065,19,65,Fayette,12004,112,0.93
19067,19,67,Floyd,11001,112,1.02
19069,19,69,Franklin,5276,158,2.99
19071,19,71,Fremont,4848,648,13.37
19073,19,73,Greene,9344,290,3.10
19075,19,75,Grundy,8595,1377,16.02
19077,19,77,Guthrie,8891,143,1.61
19079,19,79,Hamilton,9880,263,2.66
19081,19,81,Hancock,6634,256,3.86
19083,19,83,Hardin,13156,128,0.97
19085,19,85,Harrison,9661,104,1.08
19087,19,87,Henry,14403,199,1.38
19089,19,89,Howard,7141,174,2.44
19091,19,91,Humboldt,7129,190,2.67
19093,19,93,Ida,4831,190,3.93
19095,19,95,Iowa,16386,164,1.00
19097,19,97,Jackson,14080,297,2.11
19099,19,99,Jasper,35213,626,1.78
19101,19,101,Jefferson,12529,301,2.40
19103,19,103,Johnson,150402,175,0.12
19105,19,105,Jones,20329,145,0.71
19107,19,107,Keokuk,23409,104,0.44
19109,19,109,Kossuth,11734,279,2.38
19111,19,111,Lee,22574,258,1.14
19113,19,113,Linn,123524,684,0.55
19115,19,115,Louisa,6868,243,3.54
19117,19,117,Lucas,1066,2384,223.64
19119,19,119,Lyon,7847,354,4.51
19121,19,121,Madison,9730,555,5.70
19123,19,123,Mahaska,17044,281,1.65
19125,19,125,Marion,31909,523,1.64
19127,19,127,Marshall,4824,2118,43.91
19129,19,129,Mills,9567,119,1.24
19131,19,131,Mitchell,6844,20,0.29
19133,19,133,Monona,6075,169,2.78
19135,19,135,Monroe,4348,201,4.62
19137,19,137,Montgomery,8261,337,4.08
19139,19,139,Muscatine,26623,578,2.17
19141,19,141,O Brien,8362,72,0.86
19143,19,143,Osceola,6454,175,2.71
19145,19,145,Page,10396,151,1.45
19147,19,147,Palo Alto,6427,162,2.52
19149,19,149,Plymouth,16685,77,0.46
19151,19,151,Pocahontas,4542,182,4.01
19153,19,153,Polk,311402,449,0.14
19155,19,155,Pottawattamie,62953,200,0.32
19157,19,157,Poweshiek,3305,155,4.69
19159,19,159,Ringgold,3118,228,7.31
19161,19,161,Sac,7276,143,1.97
19163,19,163,Scott,129984,310,0.24
19165,19,165,Shelby,8350,110,1.32
19167,19,167,Sioux,22889,5720,24.99
19169,19,169,Story,40271,1201,2.98
19171,19,171,Tama,29924,57,0.19
19173,19,173,Taylor,4329,58,1.34
19175,19,175,Union,7947,170,2.14
19177,19,177,Van Buren,6151,2538,41.26
19179,19,179,Wapello,1598,194,12.14
19181,19,181,Warren,53522,399,0.75
19183,19,183,Washington,13456,696,5.17
19185,19,185,Wayne,3845,605,15.73
19187,19,187,Webster,23974,99,0.41
19189,19,189,Winnebago,5564,183,3.29
19191,19,191,Winneshiek,14596,120,0.82
19193,19,193,Woodbury,65002,39,0.06
19195,19,195,Worth,7270,953,13.11
19197,19,197,Wright,7544,245,3.25
16000,16,0,NOT_MATCHED,3556,75,2.11
16001,16,1,Ada,294846,488,0.17
16003,16,3,Adams,2790,105,3.76
16005,16,5,Bannock,46242,283,0.61
16007,16,7,Bear Lake,3521,1351,38.37
16009,16,9,Benewah,6042,159,2.63
16011,16,11,Bingham,21849,217,0.99
16013,16,13,Blaine,14697,,0.00
16015,16,15,Boise,4011,81,2.02
16017,16,17,Bonner,32248,3676,11.40
16019,16,19,Bonneville,60486,100,0.17
16021,16,21,Boundary,7103,614,8.64
16023,16,23,Butte,976,108,11.07
16025,16,25,Camas,714,127,17.79
16027,16,27,Canyon,105111,686,0.65
16029,16,29,Caribou,3864,126,3.26
16031,16,31,Cassia,10333,77,0.75
16033,16,33,Clark,360,1657,460.28
16035,16,35,Clearwater,5070,4357,85.94
16037,16,37,Custer,3563,337,9.46
16039,16,39,Elmore,11667,62,0.53
16041,16,41,Franklin,7248,56,0.77
16043,16,43,Fremont,7090,1371,19.34
16045,16,45,Gem,10899,152,1.39
16047,16,47,Gooding,5156,508,9.85
16049,16,49,Idaho,11629,45,0.39
16051,16,51,Jefferson,15629,79,0.51
16053,16,53,Jerome,9174,93,1.01
16055,16,55,Kootenai,98637,201,0.20
16057,16,57,Latah,23947,298,1.24
16059,16,59,Lemhi,5350,297,5.55
16061,16,61,Lewis,1264,406,32.12
16063,16,63,Lincoln,2302,97,4.21
16065,16,65,Madison,19742,199,1.01
16067,16,67,Minidoka,8893,329,3.70
16069,16,69,Nez Perce,21898,417,1.90
16071,16,71,Oneida,2746,5554,202.26
16073,16,73,Owyhee,6655,1830,27.50
16075,16,75,Payette,12057,97,0.80
16077,16,77,Power,3151,27,0.86
16079,16,79,Shoshone,7704,86,1.12
16081,16,81,Teton,7061,200,2.83
16083,16,83,Twin Falls,42450,494,1.16
16085,16,85,Valley,8012,448,5.59
16087,16,87,Washington,5854,123,2.10
26000,26,0,NOT_MATCHED,83,292,351.81
26001,26,1,Alcona,11212,430,3.84
26003,26,3,Alger,6734,59,0.88
26005,26,5,Allegan,107699,290,0.27
26007,26,7,Alpena,24791,74,0.30
26009,26,9,Antrim,19172,1038,5.41
26011,26,11,Arenac,13854,223,1.61
26013,26,13,Baraga,5950,316,5.31
26015,26,15,Barry,52666,,0.00
26017,26,17,Bay,110738,3,0.00
26019,26,19,Benzie,12624,284,2.25
26021,26,21,Berrien,140228,169,0.12
26023,26,23,Branch,33922,2375,7.00
26025,26,25,Calhoun,106204,506,0.48
26027,26,27,Cass,31761,416,1.31
26029,26,29,Charlevoix,24491,389,1.59
26031,26,31,Cheboygan,19275,114,0.59
26033,26,33,Chippewa,26522,903,3.40
26035,26,35,Clare,27561,2357,8.55
26037,26,37,Clinton,46701,295,0.63
26039,26,39,Crawford,10376,3821,36.83
26041,26,41,Delta,32406,781,2.41
26043,26,43,Dickinson,22980,2195,9.55
26045,26,45,Eaton,93747,893,0.95
26047,26,47,Emmet,32631,692,2.12
26049,26,49,Genesee,368606,453,0.12
26051,26,51,Gladwin,21430,520,2.43
26053,26,53,Gogebic,13738,792,5.77
26055,26,55,Grand Traverse,92612,715,0.77
26057,26,57,Gratiot,23225,241,1.04
26059,26,59,Hillsdale,33548,638,1.90
26061,26,61,Houghton,26837,634,2.36
26063,26,63,Huron,26391,1788,6.78
26065,26,65,Ingham,221957,711,0.32
26067,26,67,Ionia,48344,7502,15.52
26069,26,69,Iosco,21123,553,2.62
26071,26,71,Iron,10401,351,3.37
26073,26,73,Isabella,43671,1831,4.19
26075,26,75,Jackson,116103,586,0.50
26077,26,77,Kalamazoo,202262,865,0.43
26079,26,79,Kalkaska,15449,748,4.84
26081,26,81,Kent,485214,599,0.12
26083,26,83,Keweenaw,1774,4595,259.02
26085,26,85,Lake,10860,870,8.01
26087,26,87,Lapeer,71629,538,0.75
26089,26,89,Leelanau,15716,277,1.76
26091,26,91,Lenawee,83523,964,1.15
26093,26,93,Livingston,147004,2452,1.67
26095,26,95,Luce,4559,3617,79.34
26097,26,97,Mackinac,9510,264,2.78
26099,26,99,Macomb,689345,8151,1.18
26101,26,101,Manistee,23829,56,0.24
26103,26,103,Marquette,53742,239,0.44
26105,26,105,Mason,23980,1394,5.81
26107,26,107,Mecosta,32084,310,0.97
26109,26,109,Menominee,19076,1838,9.64
26111,26,111,Midland,44451,2831,6.37
26113,26,113,Missaukee,10674,123,1.15
26115,26,115,Monroe,135424,305,0.23
26117,26,117,Montcalm,48843,11328,23.19
26119,26,119,Montmorency,10087,700,6.94
26121,26,121,Muskegon,142074,1121,0.79
26123,26,123,Newaygo,34786,494,1.42
26125,26,125,Oakland,1025219,855,0.08
26127,26,127,Oceana,22168,387,1.75
26129,26,129,Ogemaw,19272,974,5.05
26131,26,131,Ontonagon,5645,198,3.51
26133,26,133,Osceola,19490,3728,19.13
26135,26,135,Oscoda,5738,911,15.88
26137,26,137,Otsego,22164,262,1.18
26139,26,139,Ottawa,212405,2533,1.19
26141,26,141,Presque Isle,11135,712,6.39
26143,26,143,Roscommon,25137,19311,76.82
26145,26,145,Saginaw,156655,464,0.30
26147,26,147,St Clair,134799,515,0.38
26149,26,149,St Joseph,51422,162,0.32
26151,26,151,Sanilac,28251,378,1.34
26153,26,153,Schoolcraft,7645,138,1.81
26155,26,155,Shiawassee,44773,492,1.10
26157,26,157,Tuscola,45286,3110,6.87
26159,26,159,Van Buren,64661,254,0.39
26161,26,161,Washtenaw,291248,628,0.22
26163,26,163,Wayne,1408411,3183,0.23
26165,26,165,Wexford,26475,2798,10.57
27000,27,0,NOT_MATCHED,248,1042,420.16
27001,27,1,Aitkin,18167,592,3.26
27003,27,3,Anoka,265874,209,0.08
27005,27,5,Becker,36499,765,2.10
27007,27,7,Beltrami,31927,1152,3.61
27009,27,9,Benton,60887,1187,1.95
27011,27,11,Big Stone,5586,5040,90.23
27013,27,13,Blue Earth,69661,25843,37.10
27015,27,15,Brown,10556,554,5.25
27017,27,17,Carlton,30196,,0.00
27019,27,19,Carver,87469,18,0.02
27021,27,21,Cass,56444,576,1.02
27023,27,23,Chippewa,15181,7879,51.90
27025,27,25,Chisago,44365,1070,2.41
27027,27,27,Clay,36321,1068,2.94
27029,27,29,Clearwater,5631,1655,29.39
27031,27,31,Cook,4076,143,3.51
27033,27,33,Cottonwood,8928,2078,23.28
27035,27,35,Crow Wing,14587,313,2.15
27037,27,37,Dakota,293470,929,0.32
27039,27,39,Dodge,26519,2482,9.36
27041,27,41,Douglas,36816,1611,4.38
27043,27,43,Faribault,10134,494,4.87
27045,27,45,Fillmore,15580,1566,10.05
27047,27,47,Freeborn,34849,1488,4.27
27049,27,49,Goodhue,24779,160,0.65
27051,27,51,Grant,3810,100,2.62
27053,27,53,Hennepin,807608,255,0.03
27055,27,55,Houston,13221,414,3.13
27057,27,57,Hubbard,2114,9729,460.22
27059,27,59,Isanti,8355,651,7.79
27061,27,61,Itasca,40569,1028,2.53
27063,27,63,Jackson,14317,247,1.73
27065,27,65,Kanabec,11507,431,3.75
27067,27,67,Kandiyohi,27851,1149,4.13
27069,27,69,Kittson,2882,804,27.90
27071,27,71,Koochiching,7824,104,1.33
27073,27,73,Lac qui Parle,6514,34022,522.29
27075,27,75,Lake,11766,442,3.76
27077,27,77,Lake of the Woods,3138,37,1.18
27079,27,79,Le Sueur,37881,222,0.59
27081,27,81,Lincoln,8460,1222,14.44
27083,27,83,Lyon,14415,476,3.30
27085,27,85,McLeod,20841,481,2.31
27087,27,87,Mahnomen,2440,775,31.76
27089,27,89,Marshall,11789,57,0.48
27091,27,91,Martin,10108,275,2.72
27093,27,93,Meeker,12493,193,1.54
27095,27,95,Mille Lacs,2615,376,14.38
27097,27,97,Morrison,9619,85,0.88
27099,27,99,Mower,5680,1036,18.24
27101,27,101,Murray,3234,292,9.03
27103,27,103,Nicollet,7846,469,5.98
27105,27,105,Nobles,5347,659,12.32
27107,27,107,Norman,4751,65,1.37
27109,27,109,Olmsted,96282,316,0.33
27111,27,111,Otter Tail,38578,356,0.92
27113,27,113,Pennington,2625,314,11.96
27115,27,115,Pine,9988,91,0.91
27117,27,117,Pipestone,267,279,104.49
27119,27,119,Polk,15933,145,0.91
27121,27,121,Pope,2914,88,3.02
27123,27,123,Ramsey,373563,208,0.06
27127,27,127,Redwood,2671,108,4.04
27129,27,129,Renville,7826,124,1.58
27131,27,131,Rice,52977,3656,6.90
27133,27,133,Rock,5584,1124,20.13
27135,27,135,Roseau,8771,62,0.71
27137,27,137,St Louis,107327,328,0.31
27139,27,139,Scott,79380,3,0.00
27141,27,141,Sherburne,30157,575,1.91
27143,27,143,Sibley,2164,66,3.05
27145,27,145,Stearns,89462,15466,17.29
27147,27,147,Steele,18505,77,0.42
27149,27,149,Stevens,4253,238,5.60
27151,27,151,Swift,415,1842,443.86
27153,27,153,Todd,15283,200,1.31
27155,27,155,Traverse,1313,209,15.92
27157,27,157,Wabasha,7089,3510,49.51
27159,27,159,Wadena,1254,2391,190.67
27161,27,161,Waseca,231,804,348.05
27163,27,163,Washington,169044,54,0.03
27165,27,165,Watonwan,82,2380,2902.44
27167,27,167,Wilkin,2787,544,19.52
27169,27,169,Winona,29042,137,0.47
27171,27,171,Wright,65322,1,0.00
27173,27,173,Yellow Medicine,932,363,38.95
29000,29,0,NOT_MATCHED,1009,48,4.76
29001,29,1,Adair,16882,186,1.10
29003,29,3,Andrew,42700,37,0.09
29005,29,5,Atchison,5296,5,0.09
29007,29,7,Audrain,28218,5545,19.65
29009,29,9,Barry,41004,4,0.01
29011,29,11,Barton,14295,110,0.77
29013,29,13,Bates,12509,1004,8.03
29015,29,15,Benton,31979,1792,5.60
29017,29,17,Bollinger,7661,20,0.26
29019,29,19,Boone,117139,,0.00
29021,29,21,Buchanan,26275,37,0.14
29023,29,23,Butler,32467,453,1.40
29025,29,25,Caldwell,16317,1659,10.17
29027,29,27,Callaway,29499,181,0.61
29029,29,29,Camden,60972,816,1.34
29031,29,31,Cape Girardeau,56229,1240,2.21
29033,29,33,Carroll,7155,283,3.96
29035,29,35,Carter,2743,357,13.01
29037,29,37,Cass,94868,1177,1.24
29039,29,39,Cedar,13527,269,1.99
29041,29,41,Chariton,11343,2514,22.16
29043,29,43,Christian,110732,583,0.53
29045,29,45,Clark,4541,942,20.74
29047,29,47,Clay,160069,592,0.37
29049,29,49,Clinton,4506,820,18.20
29051,29,51,Cole,54475,2295,4.21
29053,29,53,Cooper,43051,1364,3.17
29055,29,55,Crawford,29693,202,0.68
29057,29,57,Dade,5144,86,1.67
29059,29,59,Dallas,18875,2478,13.13
29061,29,61,Daviess,13658,493,3.61
29063,29,63,De Kalb,2394,296,12.36
29065,29,65,Dent,5750,3002,52.21
29067,29,67,Douglas,7697,118,1.53
29069,29,69,Dunklin,19871,4359,21.94
29071,29,71,Franklin,81013,119,0.15
29073,29,73,Gasconade,10478,1075,10.26
29075,29,75,Gentry,4580,1272,27.77
29077,29,77,Greene,184421,859,0.47
29079,29,79,Grundy,6540,297,4.54
29081,29,81,Harrison,6010,545,9.07
29083,29,83,Henry,4865,676,13.90
29085,29,85,Hickory,4981,52,1.04
29087,29,87,Holt,2822,210,7.44
29089,29,89,Howard,7245,289,3.99
29091,29,91,Howell,29784,750,2.52
29093,29,93,Iron,10028,1828,18.23
29095,29,95,Jackson,495442,272,0.05
29097,29,97,Jasper,89695,140,0.16
29099,29,99,Jefferson,171415,4505,2.63
29101,29,101,Johnson,25763,308,1.20
29103,29,103,Knox,2730,201,7.36
29105,29,105,Laclede,4563,130,2.85
29107,29,107,Lafayette,20909,384,1.84
29109,29,109,Lawrence,10935,132,1.21
29111,29,111,Lewis,7435,237,3.19
29113,29,113,Lincoln,63756,882,1.38
29115,29,115,Linn,3395,287,8.45
29117,29,117,Livingston,529,19376,3662.76
29119,29,119,McDonald,30564,2323,7.60
29121,29,121,Macon,10138,2828,27.90
29123,29,123,Madison,26120,819,3.14
29125,29,125,Maries,5166,116,2.25
29127,29,127,Marion,22619,144,0.64
29129,29,129,Mercer,2511,808,32.18
29131,29,131,Miller,16804,303,1.80
29133,29,133,Mississippi,22712,482,2.12
29135,29,135,Moniteau,4517,1752,38.79
29137,29,137,Monroe,13531,94,0.69
29139,29,139,Montgomery,2689,13,0.48
29141,29,141,Morgan,3855,669,17.35
29143,29,143,New Madrid,9769,262,2.68
29145,29,145,Newton,8077,1021,12.64
29147,29,147,Nodaway,10497,153,1.46
29149,29,149,Oregon,5694,583,10.24
29151,29,151,Osage,8204,104,1.27
29153,29,153,Ozark,6844,431,6.30
29155,29,155,Pemiscot,7968,1109,13.92
29157,29,157,Perry,13704,135,0.99
29159,29,159,Pettis,12171,719,5.91
29161,29,161,Phelps,22806,94,0.41
29163,29,163,Pike,12522,134,1.07
29165,29,165,Platte,72677,578,0.80
29167,29,167,Polk,13703,165,1.20
29169,29,169,Pulaski,20557,370,1.80
29171,29,171,Putnam,3453,211,6.11
29173,29,173,Ralls,920,126,13.70
29175,29,175,Randolph,2912,594,20.40
29177,29,177,Ray,12208,624,5.11
29179,29,179,Reynolds,3186,658,20.65
29181,29,181,Ripley,7820,334,4.27
29183,29,183,St Charles,285026,800,0.28
29185,29,185,St Clair,3531,509,14.42
29186,29,186,Ste. Genevieve,8117,1257,15.49
29187,29,187,St Francois,26399,443,1.68
29189,29,189,St Louis,710012,438,0.06
29195,29,195,Saline,3987,128,3.21
29197,29,197,Schuyler,2421,39,1.61
29199,29,199,Scotland,2599,123,4.73
29201,29,201,Scott,10002,459,4.59
29203,29,203,Shannon,4783,93,1.94
29205,29,205,Shelby,3325,240,7.22
29207,29,207,Stoddard,19129,7280,38.06
29209,29,209,Stone,26575,134,0.50
29211,29,211,Sullivan,2845,207,7.28
29213,29,213,Taney,12776,640,5.01
29215,29,215,Texas,11039,11937,108.13
29217,29,217,Vernon,9668,95,0.98
29219,29,219,Warren,504,67,13.29
29221,29,221,Washington,8582,91,1.06
29223,29,223,Wayne,6652,300,4.51
29225,29,225,Webster,8233,320,3.89
29227,29,227,Worth,18,83,461.11
29229,29,229,Wright,11151,541,4.85
29510,29,510,St Louis City,200513,2045,1.02
28000,28,0,NOT_MATCHED,22461,196,0.87
28001,28,1,Adams,45385,1102,2.43
28003,28,3,Alcorn,39997,463,1.16
28005,28,5,Amite,20669,353,1.71
28007,28,7,Attala,24233,18,0.07
28009,28,9,Benton,11249,275,2.44
28011,28,11,Bolivar,43280,218,0.50
28013,28,13,Calhoun,14273,256,1.79
28015,28,15,Carroll,11694,2,0.02
28017,28,17,Chickasaw,21071,549,2.61
28019,28,19,Choctaw,12324,4834,39.22
28021,28,21,Claiborne,18834,,0.00
28023,28,23,Clarke,21560,21966,101.88
28025,28,25,Clay,24530,22669,92.41
28027,28,27,Coahoma,37228,13281,35.67
28029,28,29,Copiah,33778,8358,24.74
28031,28,31,Covington,16230,11757,72.44
28033,28,33,De Soto,182861,4868,2.66
28035,28,35,Forrest,78944,23177,29.36
28037,28,37,Franklin,5664,5639,99.56
28039,28,39,George,27986,5259,18.79
28041,28,41,Greene,10350,7513,72.59
28043,28,43,Grenada,29738,5993,20.15
28045,28,45,Hancock,55846,12477,22.34
28047,28,47,Harrison,305329,9730,3.19
28049,28,49,Hinds,244439,10032,4.10
28051,28,51,Holmes,28938,21328,73.70
28053,28,53,Humphreys,13037,10955,84.03
28055,28,55,Issaquena,1062,5038,474.39
28057,28,57,Itawamba,21982,60525,275.34
28059,28,59,Jackson,134918,35495,26.31
28061,28,61,Jasper,43154,2124,4.92
28063,28,63,Jefferson,7079,9191,129.83
28065,28,65,Jefferson Davis,17171,4057,23.63
28067,28,67,Jones,42143,13220,31.37
28069,28,69,Kemper,7930,25252,318.44
28071,28,71,Lafayette,53415,157453,294.77
28073,28,73,Lamar,59881,59180,98.83
28075,28,75,Lauderdale,85113,14354,16.86
28077,28,77,Lawrence,21010,6548,31.17
28079,28,79,Leake,20621,662,3.21
28081,28,81,Lee,79709,7668,9.62
28083,28,83,Leflore,56335,49529,87.92
28085,28,85,Lincoln,32697,14071,43.03
28087,28,87,Lowndes,78767,3134,3.98
28089,28,89,Madison,133550,9225,6.91
28091,28,91,Marion,44423,15754,35.46
28093,28,93,Marshall,51022,2317,4.54
28095,28,95,Monroe,49578,20104,40.55
28097,28,97,Montgomery,14721,24142,164.00
28099,28,99,Neshoba,25993,36457,140.26
28101,28,101,Newton,27110,9750,35.96
28103,28,103,Noxubee,14713,7303,49.64
28105,28,105,Oktibbeha,59636,29562,49.57
28107,28,107,Panola,48822,33250,68.10
28109,28,109,Pearl River,75576,12477,16.51
28111,28,111,Perry,15499,34388,221.87
28113,28,113,Pike,48786,55679,114.13
28115,28,115,Pontotoc,34917,19738,56.53
28117,28,117,Prentiss,28820,24785,86.00
28119,28,119,Quitman,11225,23748,211.56
28121,28,121,Rankin,166250,7652,4.60
28123,28,123,Scott,35042,11306,32.26
28125,28,125,Sharkey,7359,9871,134.14
28127,28,127,Simpson,34061,6874,20.18
28129,28,129,Smith,13314,27255,204.71
28131,28,131,Stone,21139,24261,114.77
28133,28,133,Sunflower,35520,31080,87.50
28135,28,135,Tallahatchie,17458,6398,36.65
28137,28,137,Tate,37629,21956,58.35
28139,28,139,Tippah,24447,13411,54.86
28141,28,141,Tishomingo,21624,11102,51.34
28143,28,143,Tunica,14171,6271,44.25
28145,28,145,Union,28683,66364,231.37
28147,28,147,Walthall,15271,13565,88.83
28149,28,149,Warren,55151,3760,6.82
28151,28,151,Washington,60514,12356,20.42
28153,28,153,Wayne,17231,4253,24.68
28155,28,155,Webster,8162,7594,93.04
28157,28,157,Wilkinson,9818,20025,203.96
28159,28,159,Winston,25056,8534,34.06
28161,28,161,Yalobusha,21337,18593,87.14
28163,28,163,Yazoo,25488,8358,32.79
37000,37,0,NOT_MATCHED,1058953,8932,0.84
37001,37,1,Alamance,153589,4301,2.80
37003,37,3,Alexander,99550,11115,11.17
37005,37,5,Alleghany,8656,6489,74.97
37007,37,7,Anson,22986,26004,113.13
37009,37,9,Ashe,20564,27657,134.49
37011,37,11,Avery,25269,5775,22.85
37013,37,13,Beaufort,86693,3022,3.49
37015,37,15,Bertie,22487,4724,21.01
37017,37,17,Bladen,81576,12292,15.07
37019,37,19,Brunswick,118782,7991,6.73
37021,37,21,Buncombe,255343,6417,2.51
37023,37,23,Burke,85683,,0.00
37025,37,25,Cabarrus,395603,3,0.00
37027,37,27,Caldwell,40549,54,0.13
37029,37,29,Camden,36229,1,0.00
37031,37,31,Carteret,58171,11,0.02
37033,37,33,Caswell,45034,1,0.00
37035,37,35,Catawba,105582,28,0.03
37037,37,37,Chatham,228220,3,0.00
37039,37,39,Cherokee,23540,278,1.18
37041,37,41,Chowan,11547,25,0.22
37043,37,43,Clay,29485,27,0.09
37045,37,45,Cleveland,80125,3,0.00
37047,37,47,Columbus,29553,29,0.10
37049,37,49,Craven,79078,160,0.20
37051,37,51,Cumberland,197326,10,0.01
37053,37,53,Currituck,20493,47,0.23
37055,37,55,Dare,30680,374,1.22
37057,37,57,Davidson,271070,401,0.15
37059,37,59,Davie,43512,15,0.03
37061,37,61,Duplin,61075,11,0.02
37063,37,63,Durham,282175,14,0.00
37065,37,65,Edgecombe,48101,20,0.04
37067,37,67,Forsyth,204419,61,0.03
37069,37,69,Franklin,100783,63,0.06
37071,37,71,Gaston,151848,204,0.13
37073,37,73,Gates,7385,213,2.88
37075,37,75,Graham,6038,13,0.22
37077,37,77,Granville,43382,82,0.19
37079,37,79,Greene,40276,5,0.01
37081,37,81,Guilford,343860,49,0.01
37083,37,83,Halifax,36778,13,0.04
37085,37,85,Harnett,141085,32,0.02
37087,37,87,Haywood,47441,660,1.39
37089,37,89,Henderson,49307,15,0.03
37091,37,91,Hertford,7648,70,0.92
37093,37,93,Hoke,57209,11,0.02
37095,37,95,Hyde,2779,29,1.04
37097,37,97,Iredell,112374,10,0.01
37099,37,99,Jackson,35764,38,0.11
37101,37,101,Johnston,251035,9,0.00
37103,37,103,Jones,32468,219,0.67
37111,37,111,McDowell,31770,32,0.10
37113,37,113,Macon,2473,24,0.97
37115,37,115,Madison,6389,22,0.34
37117,37,117,Martin,3666,87,2.37
37119,37,119,Mecklenburg,590520,10,0.00
37121,37,121,Mitchell,6621,144,2.17
37123,37,123,Montgomery,21854,41,0.19
37125,37,125,Moore,60018,16,0.03
37127,37,127,Nash,96161,18,0.02
37129,37,129,New Hanover,179142,18,0.01
37131,37,131,Northampton,10928,50,0.46
37133,37,133,Onslow,94403,8,0.01
37135,37,135,Orange,72482,2,0.00
37137,37,137,Pamlico,7810,645,8.26
37141,37,141,Pender,38045,,0.00
37143,37,143,Perquimans,8916,17828,199.96
37145,37,145,Person,12067,2203,18.26
37147,37,147,Pitt,59538,696,1.17
37149,37,149,Polk,27437,1,0.00
37151,37,151,Randolph,57628,15,0.03
37153,37,153,Richmond,27296,15,0.05
37155,37,155,Robeson,50236,630,1.25
37157,37,157,Rockingham,31436,1770,5.63
37159,37,159,Rowan,73240,35,0.05
37161,37,161,Rutherford,22869,89,0.39
37163,37,163,Sampson,17826,4524,25.38
37165,37,165,Scotland,19959,605,3.03
37167,37,167,Stanly,32656,378,1.16
37169,37,169,Stokes,34635,1,0.00
37171,37,171,Surry,23164,4,0.02
37173,37,173,Swain,6784,134,1.98
37175,37,175,Transylvania,24232,2669,11.01
37177,37,177,Tyrrell,3408,618,18.13
37179,37,179,Union,129529,33,0.03
37181,37,181,Vance,12129,2787,22.98
37183,37,183,Wake,441103,387,0.09
37185,37,185,Warren,4693,1409,30.02
37187,37,187,Washington,7302,40,0.55
37189,37,189,Watauga,34796,27,0.08
37191,37,191,Wayne,58384,3006,5.15
37193,37,193,Wilkes,39014,65,0.17
37195,37,195,Wilson,686,1088,158.60
37197,37,197,Yadkin,5389,428,7.94
37199,37,199,Yancey,12573,2458,19.55
34000,34,0,NOT_MATCHED,144,4,2.78
34001,34,1,Atlantic,274358,26,0.01
34003,34,3,Bergen,687413,3466,0.50
34005,34,5,Burlington,437078,2319,0.53
34007,34,7,Camden,410304,6,0.00
34009,34,9,Cape May,68834,30,0.04
34011,34,11,Cumberland,70198,1717,2.45
34013,34,13,Essex,573254,572,0.10
34015,34,15,Gloucester,193292,6030,3.12
34017,34,17,Hudson,413664,4,0.00
34019,34,19,Hunterdon,155771,9424,6.05
34021,34,21,Mercer,247919,212,0.09
34023,34,23,Middlesex,593167,2,0.00
34025,34,25,Monmouth,508070,693,0.14
34027,34,27,Morris,439971,51,0.01
34029,34,29,Ocean,372582,27,0.01
34031,34,31,Passaic,332384,14,0.00
34033,34,33,Salem,37776,104,0.28
34035,34,35,Somerset,193745,2,0.00
34037,34,37,Sussex,118065,26,0.02
34039,34,39,Union,364864,1,0.00
34041,34,41,Warren,53314,137,0.26
32000,32,0,NOT_MATCHED,20741,60,0.29
32001,32,1,Churchill,34472,157,0.46
32003,32,3,Clark,1452643,2,0.00
32005,32,5,Douglas,42754,44,0.10
32007,32,7,Elko,33080,9004,27.22
32009,32,9,Esmeralda,593,1,0.17
32011,32,11,Eureka,1219,56,4.59
32013,32,13,Humboldt,993,11,1.11
32015,32,15,Lander,3479,,0.00
32017,32,17,Lincoln,3135,1,0.03
32019,32,19,Lyon,13937,68,0.49
32021,32,21,Mineral,3389,11,0.32
32023,32,23,Nye,36996,2,0.01
32027,32,27,Pershing,12763,13,0.10
32029,32,29,Storey,14572,16,0.11
32031,32,31,Washoe,339912,1,0.00
32033,32,33,White Pine,5452,5,0.09
32510,32,510,Carson City,40543,73,0.18
36000,36,0,NOT_MATCHED,443,11,2.48
36001,36,1,Albany,342880,6,0.00
36003,36,3,Allegany,79234,44,0.06
36005,36,5,Bronx,1226280,29,0.00
36007,36,7,Broome,192162,16,0.01
36009,36,9,Cattaraugus,100723,6,0.01
36011,36,11,Cayuga,65084,23,0.04
36013,36,13,Chautauqua,128147,17,0.01
36015,36,15,Chemung,125354,11,0.01
36017,36,17,Chenango,42601,11,0.03
36019,36,19,Clinton,78990,23,0.03
36021,36,21,Columbia,108326,51,0.05
36023,36,23,Cortland,4864,20,0.41
36025,36,25,Delaware,37122,34,0.09
36027,36,27,Dutchess,312183,13,0.00
36029,36,29,Erie,1097637,7,0.00
36031,36,31,Essex,56472,51,0.09
36033,36,33,Franklin,42529,1362,3.20
36035,36,35,Fulton,68586,6,0.01
36037,36,37,Genesee,85932,23,0.03
36039,36,39,Greene,54217,5,0.01
36041,36,41,Hamilton,10519,5,0.05
36043,36,43,Herkimer,118778,12,0.01
36045,36,45,Jefferson,73527,56,0.08
36047,36,47,Kings,2292802,1,0.00
36049,36,49,Lewis,87059,4,0.00
36051,36,51,Livingston,110768,3,0.00
36053,36,53,Madison,66170,1,0.00
36055,36,55,Monroe,631153,7,0.00
36057,36,57,Montgomery,10154,83,0.82
36059,36,59,Nassau,1668962,7,0.00
36061,36,61,New York,1822563,9,0.00
36063,36,63,Niagara,327392,3,0.00
36065,36,65,Oneida,138837,7,0.01
36067,36,67,Onondaga,815833,24,0.00
36069,36,69,Ontario,132283,6,0.00
36071,36,71,Orange,418375,11,0.00
36073,36,73,Orleans,54164,12,0.02
36075,36,75,Oswego,105980,6,0.01
36077,36,77,Otsego,61035,7,0.01
36079,36,79,Putnam,127250,9,0.01
36081,36,81,Queens,1980367,6,0.00
36083,36,83,Rensselaer,166557,13,0.01
36085,36,85,Richmond,445849,23,0.01
36087,36,87,Rockland,320792,471,0.15
36089,36,89,St Lawrence,87943,91,0.10
36091,36,91,Saratoga,265572,2,0.00
36093,36,93,Schenectady,266074,60,0.02
36095,36,95,Schoharie,51040,4,0.01
36097,36,97,Schuyler,37579,11,0.03
36099,36,99,Seneca,77630,7,0.01
36101,36,101,Steuben,38709,6,0.02
36103,36,103,Suffolk,1571089,6,0.00
36105,36,105,Sullivan,85318,41,0.05
36107,36,107,Tioga,111834,9,0.01
36109,36,109,Tompkins,104687,10,0.01
36111,36,111,Ulster,262639,23,0.01
36113,36,113,Warren,99104,10,0.01
36115,36,115,Washington,60524,45,0.07
36117,36,117,Wayne,172996,6,0.00
36119,36,119,Westchester,1104316,32,0.00
36121,36,121,Wyoming,22718,16,0.07
36123,36,123,Yates,22137,7,0.03
39000,39,0,NOT_MATCHED,8,21,262.50
39001,39,1,Adams,21574,428,1.98
39003,39,3,Allen,85507,31,0.04
39005,39,5,Ashland,67755,75,0.11
39007,39,7,Ashtabula,85770,48,0.06
39009,39,9,Athens,45652,19,0.04
39011,39,11,Auglaize,41297,6,0.01
39013,39,13,Belmont,53413,3,0.01
39015,39,15,Brown,43910,6,0.01
39017,39,17,Butler,285718,22,0.01
39019,39,19,Carroll,38005,5,0.01
39021,39,21,Champaign,54277,10,0.02
39023,39,23,Clark,135796,5,0.00
39025,39,25,Clermont,197119,27,0.01
39027,39,27,Clinton,41729,16,0.04
39029,39,29,Columbiana,95257,1,0.00
39031,39,31,Coshocton,45600,1,0.00
39033,39,33,Crawford,79200,25,0.03
39035,39,35,Cuyahoga,882191,,0.00
39037,39,37,Darke,53808,5,0.01
39039,39,39,Defiance,46127,15761,34.17
39041,39,41,Delaware,370363,33985,9.18
39043,39,43,Erie,87814,14016,15.96
39045,39,45,Fairfield,153669,16209,10.55
39047,39,47,Fayette,24947,1655,6.63
39049,39,49,Franklin,739291,2527,0.34
39051,39,51,Fulton,38199,19099,50.00
39053,39,53,Gallia,26890,6305,23.45
39055,39,55,Geauga,105687,29886,28.28
39057,39,57,Greene,184672,7834,4.24
39059,39,59,Guernsey,31989,11703,36.58
39061,39,61,Hamilton,534480,33749,6.31
39063,39,63,Hancock,66270,15898,23.99
39065,39,65,Hardin,16833,16617,98.72
39067,39,67,Harrison,9975,13005,130.38
39069,39,69,Henry,17875,12248,68.52
39071,39,71,Highland,3202,584,18.24
39073,39,73,Hocking,19196,12741,66.37
39075,39,75,Holmes,14153,4544,32.11
39077,39,77,Huron,8843,5886,66.56
39079,39,79,Jackson,53133,3488,6.56
39081,39,81,Jefferson,39406,,0.00
39083,39,83,Knox,45883,2409,5.25
39085,39,85,Lake,122195,5254,4.30
39087,39,87,Lawrence,44279,138862,313.61
39089,39,89,Licking,82055,6458,7.87
39091,39,91,Logan,23347,4192,17.96
39093,39,93,Lorain,210594,101,0.05
39095,39,95,Lucas,291580,203,0.07
39097,39,97,Madison,5174,156,3.02
39099,39,99,Mahoning,190398,589,0.31
39101,39,101,Marion,7102,500,7.04
39103,39,103,Medina,170128,2069,1.22
39105,39,105,Meigs,11078,662,5.98
39107,39,107,Mercer,23173,5514,23.79
39109,39,109,Miami,62277,1832,2.94
39111,39,111,Monroe,9817,2069,21.08
39113,39,113,Montgomery,303666,38659,12.73
39115,39,115,Morgan,10987,928,8.45
39117,39,117,Morrow,19892,5683,28.57
39119,39,119,Muskingum,43711,,0.00
39121,39,121,Noble,5462,276,5.05
39123,39,123,Ottawa,53170,39,0.07
39125,39,125,Paulding,12526,385,3.07
39127,39,127,Perry,15109,281,1.86
39129,39,129,Pickaway,6078,30,0.49
39131,39,131,Pike,21474,144,0.67
39133,39,133,Portage,85927,46,0.05
39135,39,135,Preble,19655,76,0.39
39137,39,137,Putnam,13359,75,0.56
39139,39,139,Richland,34177,65,0.19
39141,39,141,Ross,5427,283,5.21
39143,39,143,Sandusky,12903,13,0.10
39145,39,145,Scioto,35065,146,0.42
39147,39,147,Seneca,21639,818,3.78
39149,39,149,Shelby,6162,656,10.65
39151,39,151,Stark,212627,82,0.04
39153,39,153,Summit,346395,40,0.01
39155,39,155,Trumbull,98329,86,0.09
39157,39,157,Tuscarawas,39050,50,0.13
39159,39,159,Union,429,163,38.00
39161,39,161,Van Wert,13438,14,0.10
39163,39,163,Vinton,7132,199,2.79
39165,39,165,Warren,102100,116,0.11
39167,39,167,Washington,32762,623,1.90
39169,39,169,Wayne,51644,109,0.21
39171,39,171,Williams,11355,88,0.77
39173,39,173,Wood,83665,215,0.26
39175,39,175,Wyandot,8086,459,5.68
40000,40,0,NOT_MATCHED,10421,10,0.10
40001,40,1,Adair,10156,2635,25.95
40003,40,3,Alfalfa,3746,791,21.12
40005,40,5,Atoka,13002,96,0.74
40007,40,7,Beaver,3672,273,7.43
40009,40,9,Beckham,11836,1320,11.15
40011,40,11,Blaine,6352,119,1.87
40013,40,13,Bryan,22232,636,2.86
40015,40,15,Caddo,16148,42,0.26
40017,40,17,Canadian,102650,487,0.47
40019,40,19,Carter,30736,71,0.23
40021,40,21,Cherokee,35839,441,1.23
40023,40,23,Choctaw,10439,597,5.72
40025,40,25,Cimarron,1854,287,15.48
40027,40,27,Cleveland,202900,40,0.02
40029,40,29,Coal,3542,653,18.44
40031,40,31,Comanche,66891,70,0.10
40033,40,33,Cotton,4135,537,12.99
40035,40,35,Craig,28332,287,1.01
40037,40,37,Creek,68984,101,0.15
40039,40,39,Custer,19422,24,0.12
40041,40,41,Delaware,26608,120,0.45
40043,40,43,Dewey,2792,10,0.36
40045,40,45,Ellis,2436,2728,111.99
40047,40,47,Garfield,34526,146,0.42
40049,40,49,Garvin,19699,243,1.23
40051,40,51,Grady,35617,195,0.55
40053,40,53,Grant,2680,376,14.03
40055,40,55,Greer,2630,146,5.55
40057,40,57,Harmon,1624,60,3.69
40059,40,59,Harper,991,117,11.81
40061,40,61,Haskell,7114,1250,17.57
40063,40,63,Hughes,7069,3,0.04
40065,40,65,Jackson,11709,11,0.09
40067,40,67,Jefferson,2603,,0.00
40069,40,69,Johnston,22386,2,0.01
40071,40,71,Kay,26388,838,3.18
40073,40,73,Kingfisher,5834,3679,63.06
40075,40,75,Kiowa,4503,2960,65.73
40077,40,77,Latimer,7683,3315,43.15
40079,40,79,Le Flore,25021,2408,9.62
40081,40,81,Lincoln,37124,1770,4.77
40083,40,83,Logan,62577,2926,4.68
40085,40,85,Love,5814,2031,34.93
40087,40,87,McClain,15711,12709,80.89
40089,40,89,McCurtain,13345,1555,11.65
40091,40,91,McIntosh,20553,2548,12.40
40093,40,93,Major,2988,6517,218.11
40095,40,95,Marshall,8700,8151,93.69
40097,40,97,Mayes,13200,1918,14.53
40099,40,99,Murray,4878,3977,81.53
40101,40,101,Muskogee,30371,1827,6.02
40103,40,103,Noble,17917,3699,20.65
40105,40,105,Nowata,5307,29791,561.35
40107,40,107,Okfuskee,5687,2064,36.29
40109,40,109,Oklahoma,337564,1900,0.56
40111,40,111,Okmulgee,13214,16450,124.49
40113,40,113,Osage,51222,3838,7.49
40115,40,115,Ottawa,2833,7052,248.92
40117,40,117,Pawnee,6699,1227,18.32
40119,40,119,Payne,18936,26877,141.94
40121,40,121,Pittsburg,24264,1634,6.73
40123,40,123,Pontotoc,5439,1132,20.81
40125,40,125,Pottawatomie,33217,4505,13.56
40127,40,127,Pushmataha,2506,8382,334.48
40129,40,129,Roger Mills,2675,1346,50.32
40131,40,131,Rogers,87539,16972,19.39
40133,40,133,Seminole,9189,3141,34.18
40135,40,135,Sequoyah,18664,810,4.34
40137,40,137,Stephens,17490,432,2.47
40139,40,139,Texas,7466,805,10.78
40141,40,141,Tillman,3783,154,4.07
40143,40,143,Tulsa,316125,859,0.27
40145,40,145,Wagoner,18707,475,2.54
40147,40,147,Washington,24406,369,1.51
40149,40,149,Washita,6103,2228,36.51
40151,40,151,Woods,4739,1835,38.72
40153,40,153,Woodward,10123,1690,16.69
42000,42,0,NOT_MATCHED,149,4661,3128.19
42001,42,1,Adams,123715,2545,2.06
42003,42,3,Allegheny,1055276,2788,0.26
42005,42,5,Armstrong,64810,1088,1.68
42007,42,7,Beaver,117696,7040,5.98
42009,42,9,Bedford,48779,9598,19.68
42011,42,11,Berks,330699,272,0.08
42013,42,13,Blair,73462,7440,10.13
42015,42,15,Bradford,43530,345,0.79
42017,42,17,Bucks,572321,6679,1.17
42019,42,19,Butler,104260,439,0.42
42021,42,21,Cambria,88861,840,0.95
42023,42,23,Cameron,3796,2692,70.92
42025,42,25,Carbon,77173,479,0.62
42027,42,27,Centre,110151,12815,11.63
42029,42,29,Chester,423438,470,0.11
42031,42,31,Clarion,24911,920,3.69
42033,42,33,Clearfield,55470,1614,2.91
42035,42,35,Clinton,26860,193,0.72
42037,42,37,Columbia,71704,2326,3.24
42039,42,39,Crawford,94192,461,0.49
42041,42,41,Cumberland,201207,627,0.31
42043,42,43,Dauphin,234815,281,0.12
42045,42,45,Delaware,388831,934,0.24
42047,42,47,Elk,21693,3982,18.36
42049,42,49,Erie,151785,931,0.61
42051,42,51,Fayette,95477,458,0.48
42053,42,53,Forest,4286,1479,34.51
42055,42,55,Franklin,84830,198,0.23
42057,42,57,Fulton,12016,539,4.49
42059,42,59,Greene,23447,1344,5.73
42061,42,61,Huntingdon,23377,817,3.49
42063,42,63,Indiana,48453,214,0.44
42065,42,65,Jefferson,16326,7855,48.11
42067,42,67,Juniata,31602,13090,41.42
42069,42,69,Lackawanna,175315,3948,2.25
42071,42,71,Lancaster,320063,1478,0.46
42073,42,73,Lawrence,48691,18,0.04
42075,42,75,Lebanon,59455,552,0.93
42077,42,77,Lehigh,256109,399,0.16
42079,42,79,Luzerne,163350,4278,2.62
42081,42,81,Lycoming,59898,1141,1.90
42083,42,83,McKean,22850,1958,8.57
42085,42,85,Mercer,56191,397,0.71
42087,42,87,Mifflin,13876,4073,29.35
42089,42,89,Monroe,117142,338,0.29
42091,42,91,Montgomery,541931,,0.00
42093,42,93,Montour,8948,402,4.49
42095,42,95,Northampton,121928,270,0.22
42097,42,97,Northumberland,42536,146,0.34
42099,42,99,Perry,12805,458,3.58
42101,42,101,Philadelphia,995783,127,0.01
42103,42,103,Pike,50756,447,0.88
42105,42,105,Potter,10898,287,2.63
42107,42,107,Schuylkill,74388,497,0.67
42109,42,109,Snyder,26552,604,2.27
42111,42,111,Somerset,37451,3380,9.03
42113,42,113,Sullivan,1181,956,80.95
42115,42,115,Susquehanna,27509,1198,4.35
42117,42,117,Tioga,20201,285,1.41
42119,42,119,Union,18306,67,0.37
42121,42,121,Venango,22723,7088,31.19
42123,42,123,Warren,23034,158,0.69
42125,42,125,Washington,121040,1812,1.50
42127,42,127,Wayne,8343,138,1.65
42129,42,129,Westmoreland,138331,929,0.67
42131,42,131,Wyoming,9877,2693,27.27
42133,42,133,York,252295,756,0.30
44000,44,0,NOT_MATCHED,41,760,1853.66
44001,44,1,Bristol,40292,118,0.29
44003,44,3,Kent,131438,93,0.07
44005,44,5,Newport,65125,1229,1.89
44007,44,7,Providence,462544,808,0.17
44009,44,9,Washington,106963,1417,1.32
50000,50,0,NOT_MATCHED,234,90,38.46
50001,50,1,Addison,20765,131,0.63
50003,50,3,Bennington,23339,51,0.22
50005,50,5,Caledonia,17824,32,0.18
50007,50,7,Chittenden,106217,273,0.26
50009,50,9,Essex,3317,276,8.32
50011,50,11,Franklin,25849,366,1.42
50013,50,13,Grand Isle,5627,116,2.06
50015,50,15,Lamoille,17298,853,4.93
50017,50,17,Orange,15615,788,5.05
50019,50,19,Orleans,17138,209,1.22
50021,50,21,Rutland,34600,206,0.60
50023,50,23,Washington,32253,246,0.76
50025,50,25,Windham,22496,638,2.84
50027,50,27,Windsor,151918,1331,0.88
53000,53,0,NOT_MATCHED,76,1788,2352.63
53001,53,1,Adams,9090,218,2.40
53003,53,3,Asotin,16466,628,3.81
53005,53,5,Benton,132025,315,0.24
53007,53,7,Chelan,52948,898,1.70
53009,53,9,Clallam,60951,129,0.21
53011,53,11,Clark,348741,314,0.09
53013,53,13,Columbia,2835,466,16.44
53015,53,15,Cowlitz,78827,204,0.26
53017,53,17,Douglas,27117,1137,4.19
53019,53,19,Ferry,4623,755,16.33
53021,53,21,Franklin,44429,164,0.37
53023,53,23,Garfield,1862,202,10.85
53025,53,25,Grant,50437,7922,15.71
53027,53,27,Grays Harbor,45585,484,1.06
53029,53,29,Island,66410,1809,2.72
53031,53,31,Jefferson,28136,44,0.16
53033,53,33,King,1470010,310,0.02
53035,53,35,Kitsap,199509,676,0.34
53037,53,37,Kittitas,32168,763,2.37
53039,53,39,Klickitat,17478,210,1.20
53041,53,41,Lewis,58664,1176,2.00
53043,53,43,Lincoln,6731,91,1.35
53045,53,45,Mason,52800,93,0.18
53047,53,47,Okanogan,26487,3201,12.09
53049,53,49,Pacific,17484,348,1.99
53051,53,51,Pend Oreille,10260,420,4.09
53053,53,53,Pierce,595510,584,0.10
53055,53,55,San Juan,15141,227,1.50
53057,53,57,Skagit,72917,146,0.20
53059,53,59,Skamania,6266,9212,147.02
53061,53,61,Snohomish,560281,749,0.13
53063,53,63,Spokane,386282,797,0.21
53065,53,65,Stevens,29768,289,0.97
53067,53,67,Thurston,212322,194,0.09
53069,53,69,Wahkiakum,3472,353,10.17
53071,53,71,Walla Walla,39689,,0.00
53073,53,73,Whatcom,183224,7,0.00
53075,53,75,Whitman,27742,4754,17.14
53077,53,77,Yakima,133797,30980,23.15
54000,54,0,NOT_MATCHED,5052,2449,48.48
54001,54,1,Barbour,42456,4392,10.34
54003,54,3,Berkeley,89667,1619,1.81
54005,54,5,Boone,19707,11314,57.41
54007,54,7,Braxton,9795,2457,25.08
54009,54,9,Brooke,52787,1435,2.72
54011,54,11,Cabell,65460,20490,31.30
54013,54,13,Calhoun,9069,4407,48.59
54015,54,15,Clay,7584,3202,42.22
54017,54,17,Doddridge,9347,168,1.80
54019,54,19,Fayette,29600,3430,11.59
54021,54,21,Gilmer,2515,3932,156.34
54023,54,23,Grant,10167,14356,141.20
54025,54,25,Greenbrier,23985,1021,4.26
54027,54,27,Hampshire,16490,1974,11.97
54029,54,29,Hancock,7371,1126,15.28
54031,54,31,Hardy,7472,3350,44.83
54033,54,33,Harrison,59649,3399,5.70
54035,54,35,Jackson,24342,8305,34.12
54037,54,37,Jefferson,29933,10799,36.08
54039,54,39,Kanawha,115787,14135,12.21
54041,54,41,Lewis,6888,710,10.31
54043,54,43,Lincoln,9558,4215,44.10
54045,54,45,Logan,18750,3295,17.57
54047,54,47,McDowell,11112,208,1.87
54049,54,49,Marion,18674,2762,14.79
54051,54,51,Marshall,22040,1225,5.56
54053,54,53,Mason,15373,794,5.16
54055,54,55,Mercer,35919,864,2.41
54057,54,57,Mineral,14644,1968,13.44
54059,54,59,Mingo,12216,643,5.26
54061,54,61,Monongalia,60039,1195,1.99
54063,54,63,Monroe,7561,5835,77.17
54065,54,65,Morgan,8973,9532,106.23
54067,54,67,Nicholas,13256,1669,12.59
54069,54,69,Ohio,2109,2198,104.22
54071,54,71,Pendleton,4291,15889,370.29
54073,54,73,Pleasants,6201,4933,79.55
54075,54,75,Pocahontas,5152,2062,40.02
54077,54,77,Preston,17118,807,4.71
54079,54,79,Putnam,34434,2031,5.90
54081,54,81,Raleigh,48219,369,0.77
54083,54,83,Randolph,8184,6459,78.92
54085,54,85,Ritchie,3610,22232,615.84
54087,54,87,Roane,2733,297,10.87
54089,54,89,Summers,1797,3966,220.70
54091,54,91,Taylor,210,1185,564.29
54093,54,93,Tucker,1993,505,25.34
54095,54,95,Tyler,6737,33775,501.34
54097,54,97,Upshur,2672,2132,79.79
54099,54,99,Wayne,15975,499,3.12
54101,54,101,Webster,4655,3564,76.56
54103,54,103,Wetzel,2272,1055,46.43
54105,54,105,Wirt,1474,1233,83.65
54107,54,107,Wood,48437,56,0.12
54109,54,109,Wyoming,13440,989,7.36
56000,56,0,NOT_MATCHED,54,643,1190.74
56001,56,1,Albany,18693,855,4.57
56003,56,3,Big Horn,5884,880,14.96
56005,56,5,Campbell,19576,719,3.67
56007,56,7,Carbon,6785,4494,66.23
56009,56,9,Converse,7015,313,4.46
56011,56,11,Crook,4183,4633,110.76
56013,56,13,Fremont,18366,720,3.92
56015,56,15,Goshen,6315,6922,109.61
56017,56,17,Hot Springs,2621,,0.00
56019,56,19,Johnson,4894,2,0.04
56021,56,21,Laramie,45175,1072,2.37
56023,56,23,Lincoln,10631,3420,32.17
56025,56,25,Natrona,35295,1963,5.56
56027,56,27,Niobrara,1343,12133,903.43
56029,56,29,Park,16919,3010,17.79
56031,56,31,Platte,5074,,0.00
56033,56,33,Sheridan,16802,8,0.05
56035,56,35,Sublette,5082,808,15.90
56037,56,37,Sweetwater,16761,919,5.48
56039,56,39,Teton,14997,567,3.78
56041,56,41,Uinta,9490,2719,28.65
56043,56,43,Washakie,4072,152,3.73
56045,56,45,Weston,3558,718,20.18
,,,,,186,#DIV/0!
,,,,,681,#DIV/0!
,,,,,479,#DIV/0!
,,,,,747,#DIV/0!
,,,,,1671,#DIV/0!
,,,,,902,#DIV/0!
,,,,,722,#DIV/0!
,,,,,6289,#DIV/0!
,,,,,,#DIV/0!
,,,,,5,#DIV/0!
,,,,,157,#DIV/0!
,,,,,480,#DIV/0!
,,,,,2921,#DIV/0!
,,,,,1457,#DIV/0!
,,,,,1992,#DIV/0!
,,,,,9242,#DIV/0!
,,,,,108,#DIV/0!
,,,,,2168,#DIV/0!
,,,,,633,#DIV/0!
,,,,,164,#DIV/0!
,,,,,747,#DIV/0!
,,,,,76,#DIV/0!
,,,,,1160,#DIV/0!
,,,,,1410,#DIV/0!
,,,,,1814,#DIV/0!
,,,,,793,#DIV/0!
,,,,,33634,#DIV/0!
,,,,,5362,#DIV/0!
,,,,,826,#DIV/0!
,,,,,461,#DIV/0!
,,,,,1643,#DIV/0!
,,,,,155,#DIV/0!
,,,,,1343,#DIV/0!
,,,,,809,#DIV/0!
,,,,,592,#DIV/0!
,,,,,274,#DIV/0!
,,,,,14506,#DIV/0!
,,,,,415,#DIV/0!
,,,,,1844,#DIV/0!
,,,,,100,#DIV/0!
,,,,,11712,#DIV/0!
,,,,,8262,#DIV/0!
,,,,,796,#DIV/0!
,,,,,5254,#DIV/0!
,,,,,114,#DIV/0!
,,,,,1257,#DIV/0!
,,,,,4606,#DIV/0!
,,,,,920,#DIV/0!
,,,,,2795,#DIV/0!
,,,,,,#DIV/0!
,,,,,85,#DIV/0!
,,,,,1115,#DIV/0!
,,,,,2284,#DIV/0!
,,,,,443,#DIV/0!
,,,,,271,#DIV/0!
,,,,,1793,#DIV/0!
,,,,,1815,#DIV/0!
,,,,,269,#DIV/0!
,,,,,168,#DIV/0!
,,,,,224,#DIV/0!
,,,,,807,#DIV/0!
,,,,,96,#DIV/0!
,,,,,240,#DIV/0!
,,,,,784,#DIV/0!
,,,,,426,#DIV/0!
,,,,,178,#DIV/0!
,,,,,216,#DIV/0!
,,,,,1500,#DIV/0!
,,,,,651,#DIV/0!
,,,,,953,#DIV/0!
,,,,,3277,#DIV/0!
,,,,,156,#DIV/0!
,,,,,239,#DIV/0!
,,,,,456,#DIV/0!
,,,,,148,#DIV/0!
,,,,,502,#DIV/0!
,,,,,576,#DIV/0!
,,,,,412,#DIV/0!
,,,,,958,#DIV/0!
,,,,,397,#DIV/0!
,,,,,109,#DIV/0!
,,,,,1797,#DIV/0!
,,,,,211,#DIV/0!
,,,,,275,#DIV/0!
,,,,,331,#DIV/0!
,,,,,63,#DIV/0!
,,,,,137,#DIV/0!
,,,,,163,#DIV/0!
,,,,,151,#DIV/0!
,,,,,473,#DIV/0!
,,,,,924,#DIV/0!
,,,,,1216,#DIV/0!
,,,,,196,#DIV/0!
,,,,,110,#DIV/0!
,,,,,67,0
,,,,,53,0
,,,,,10,0
,,,,,129,0
,,,,,274,0
,,,,,55,0
,,,,,433,0
,,,,,126,0
,,,,,57,0
,,,,,25,0
,,,,,1345,0
,,,,,249,0
,,,,,,#DIV/0!
,,,,,100,0
,,,,,61,0
,,,,,153,0
,,,,,1,0
,,,,,60,0
,,,,,22,0
,,,,,180,0
,,,,,57,0
,,,,,42,0
,,,,,36,0
,,,,,377,0
,,,,,65,0
,,,,,277,0
,,,,,17,0
,,,,,140,0
,,,,,63,0
,,,,,125,0
,,,,,18,0
,,,,,140,0
,,,,,60,0
,,,,,9,0
,,,,,16,0
,,,,,28,0